2020-08-30T18:06:09,4,2020-08-30T18:06:10
2020-08-30T18:06:09,6,2020-08-30T18:06:10
2020-08-30T18:06:09,97,2020-08-30T18:06:10
2020-08-30T18:06:09,98,2020-08-30T18:06:10
2020-08-30T18:06:09,5,2020-08-30T18:06:10
2020-08-30T18:06:09,3,2020-08-30T18:06:10
2020-08-30T18:06:09,99,2020-08-30T18:06:10
2020-08-30T18:06:09,1,2020-08-30T18:06:10
2020-08-30T18:06:09,10,2020-08-30T18:06:10
2020-08-30T18:06:09,12,2020-08-30T18:06:10
2020-08-30T18:06:09,9,2020-08-30T18:06:10
2020-08-30T18:06:09,8,2020-08-30T18:06:10
2020-08-30T18:06:09,15,2020-08-30T18:06:10
2020-08-30T18:06:09,11,2020-08-30T18:06:10
2020-08-30T18:06:09,17,2020-08-30T18:06:10
2020-08-30T18:06:09,95,2020-08-30T18:06:10
2020-08-30T18:06:09,2,2020-08-30T18:06:10
2020-08-30T18:06:09,7,2020-08-30T18:06:10
2020-08-30T18:06:09,0,2020-08-30T18:06:10
2020-08-30T18:06:09,14,2020-08-30T18:06:10
2020-08-30T18:06:09,24,2020-08-30T18:06:10
2020-08-30T18:06:09,19,2020-08-30T18:06:10
2020-08-30T18:06:09,20,2020-08-30T18:06:10
2020-08-30T18:06:09,13,2020-08-30T18:06:10
2020-08-30T18:06:09,21,2020-08-30T18:06:10
2020-08-30T18:06:09,96,2020-08-30T18:06:10
2020-08-30T18:06:09,18,2020-08-30T18:06:10
2020-08-30T18:06:09,16,2020-08-30T18:06:10
2020-08-30T18:06:09,27,2020-08-30T18:06:10
2020-08-30T18:06:09,26,2020-08-30T18:06:10
2020-08-30T18:06:09,28,2020-08-30T18:06:10
2020-08-30T18:06:09,25,2020-08-30T18:06:10
2020-08-30T18:06:09,22,2020-08-30T18:06:10
2020-08-30T18:06:09,31,2020-08-30T18:06:10
2020-08-30T18:06:09,29,2020-08-30T18:06:10
2020-08-30T18:06:09,23,2020-08-30T18:06:10
2020-08-30T18:06:09,30,2020-08-30T18:06:10
2020-08-30T18:06:09,33,2020-08-30T18:06:10
2020-08-30T18:06:09,36,2020-08-30T18:06:10
2020-08-30T18:06:09,94,2020-08-30T18:06:10
2020-08-30T18:06:09,34,2020-08-30T18:06:10
2020-08-30T18:06:09,32,2020-08-30T18:06:10
2020-08-30T18:06:09,37,2020-08-30T18:06:10
2020-08-30T18:06:09,39,2020-08-30T18:06:10
2020-08-30T18:06:09,38,2020-08-30T18:06:10
2020-08-30T18:06:09,45,2020-08-30T18:06:10
2020-08-30T18:06:09,35,2020-08-30T18:06:10
2020-08-30T18:06:09,93,2020-08-30T18:06:10
2020-08-30T18:06:09,41,2020-08-30T18:06:10
2020-08-30T18:06:09,43,2020-08-30T18:06:10
2020-08-30T18:06:09,42,2020-08-30T18:06:10
2020-08-30T18:06:09,52,2020-08-30T18:06:10
2020-08-30T18:06:09,40,2020-08-30T18:06:10
2020-08-30T18:06:09,44,2020-08-30T18:06:10
2020-08-30T18:06:09,51,2020-08-30T18:06:10
2020-08-30T18:06:09,48,2020-08-30T18:06:10
2020-08-30T18:06:09,49,2020-08-30T18:06:10
2020-08-30T18:06:09,47,2020-08-30T18:06:10
2020-08-30T18:06:09,46,2020-08-30T18:06:10
2020-08-30T18:06:09,92,2020-08-30T18:06:10
2020-08-30T18:06:09,57,2020-08-30T18:06:10
2020-08-30T18:06:09,56,2020-08-30T18:06:10
2020-08-30T18:06:09,55,2020-08-30T18:06:10
2020-08-30T18:06:09,91,2020-08-30T18:06:10
2020-08-30T18:06:09,50,2020-08-30T18:06:10
2020-08-30T18:06:09,54,2020-08-30T18:06:10
2020-08-30T18:06:09,82,2020-08-30T18:06:10
2020-08-30T18:06:09,53,2020-08-30T18:06:10
2020-08-30T18:06:09,62,2020-08-30T18:06:10
2020-08-30T18:06:09,58,2020-08-30T18:06:10
2020-08-30T18:06:09,60,2020-08-30T18:06:10
2020-08-30T18:06:09,61,2020-08-30T18:06:10
2020-08-30T18:06:09,90,2020-08-30T18:06:10
2020-08-30T18:06:09,59,2020-08-30T18:06:10
2020-08-30T18:06:09,69,2020-08-30T18:06:10
2020-08-30T18:06:09,65,2020-08-30T18:06:10
2020-08-30T18:06:09,87,2020-08-30T18:06:10
2020-08-30T18:06:09,88,2020-08-30T18:06:10
2020-08-30T18:06:09,83,2020-08-30T18:06:10
2020-08-30T18:06:09,64,2020-08-30T18:06:10
2020-08-30T18:06:09,89,2020-08-30T18:06:10
2020-08-30T18:06:09,79,2020-08-30T18:06:10
2020-08-30T18:06:09,66,2020-08-30T18:06:10
2020-08-30T18:06:09,63,2020-08-30T18:06:10
2020-08-30T18:06:09,86,2020-08-30T18:06:10
2020-08-30T18:06:09,70,2020-08-30T18:06:10
2020-08-30T18:06:09,67,2020-08-30T18:06:10
2020-08-30T18:06:09,68,2020-08-30T18:06:10
2020-08-30T18:06:09,81,2020-08-30T18:06:10
2020-08-30T18:06:09,72,2020-08-30T18:06:10
2020-08-30T18:06:09,78,2020-08-30T18:06:10
2020-08-30T18:06:09,80,2020-08-30T18:06:10
2020-08-30T18:06:09,76,2020-08-30T18:06:10
2020-08-30T18:06:09,73,2020-08-30T18:06:10
2020-08-30T18:06:09,77,2020-08-30T18:06:10
2020-08-30T18:06:09,74,2020-08-30T18:06:10
2020-08-30T18:06:09,85,2020-08-30T18:06:10
2020-08-30T18:06:09,71,2020-08-30T18:06:10
2020-08-30T18:06:09,84,2020-08-30T18:06:10
2020-08-30T18:06:09,75,2020-08-30T18:06:10
2020-08-30T18:06:10,98,2020-08-30T18:06:10
2020-08-30T18:06:10,15,2020-08-30T18:06:10
2020-08-30T18:06:10,4,2020-08-30T18:06:10
2020-08-30T18:06:10,24,2020-08-30T18:06:10
2020-08-30T18:06:10,5,2020-08-30T18:06:10
2020-08-30T18:06:10,8,2020-08-30T18:06:10
2020-08-30T18:06:10,99,2020-08-30T18:06:10
2020-08-30T18:06:10,28,2020-08-30T18:06:10
2020-08-30T18:06:10,11,2020-08-30T18:06:10
2020-08-30T18:06:10,29,2020-08-30T18:06:10
2020-08-30T18:06:10,10,2020-08-30T18:06:10
2020-08-30T18:06:10,0,2020-08-30T18:06:10
2020-08-30T18:06:10,3,2020-08-30T18:06:10
2020-08-30T18:06:10,1,2020-08-30T18:06:10
2020-08-30T18:06:10,2,2020-08-30T18:06:11
2020-08-30T18:06:10,6,2020-08-30T18:06:11
2020-08-30T18:06:10,14,2020-08-30T18:06:11
2020-08-30T18:06:10,7,2020-08-30T18:06:11
2020-08-30T18:06:10,33,2020-08-30T18:06:11
2020-08-30T18:06:10,16,2020-08-30T18:06:11
2020-08-30T18:06:10,9,2020-08-30T18:06:11
2020-08-30T18:06:10,34,2020-08-30T18:06:11
2020-08-30T18:06:10,18,2020-08-30T18:06:11
2020-08-30T18:06:10,17,2020-08-30T18:06:11
2020-08-30T18:06:10,27,2020-08-30T18:06:11
2020-08-30T18:06:10,95,2020-08-30T18:06:11
2020-08-30T18:06:10,19,2020-08-30T18:06:11
2020-08-30T18:06:10,40,2020-08-30T18:06:11
2020-08-30T18:06:10,23,2020-08-30T18:06:11
2020-08-30T18:06:10,38,2020-08-30T18:06:11
2020-08-30T18:06:10,36,2020-08-30T18:06:11
2020-08-30T18:06:10,13,2020-08-30T18:06:11
2020-08-30T18:06:10,31,2020-08-30T18:06:11
2020-08-30T18:06:10,25,2020-08-30T18:06:11
2020-08-30T18:06:10,97,2020-08-30T18:06:11
2020-08-30T18:06:10,12,2020-08-30T18:06:11
2020-08-30T18:06:10,43,2020-08-30T18:06:11
2020-08-30T18:06:10,21,2020-08-30T18:06:11
2020-08-30T18:06:10,96,2020-08-30T18:06:11
2020-08-30T18:06:10,30,2020-08-30T18:06:11
2020-08-30T18:06:10,94,2020-08-30T18:06:11
2020-08-30T18:06:10,22,2020-08-30T18:06:11
2020-08-30T18:06:10,32,2020-08-30T18:06:11
2020-08-30T18:06:10,26,2020-08-30T18:06:11
2020-08-30T18:06:10,49,2020-08-30T18:06:11
2020-08-30T18:06:10,37,2020-08-30T18:06:11
2020-08-30T18:06:10,35,2020-08-30T18:06:11
2020-08-30T18:06:10,48,2020-08-30T18:06:11
2020-08-30T18:06:10,44,2020-08-30T18:06:11
2020-08-30T18:06:10,42,2020-08-30T18:06:11
2020-08-30T18:06:10,62,2020-08-30T18:06:11
2020-08-30T18:06:10,56,2020-08-30T18:06:11
2020-08-30T18:06:10,89,2020-08-30T18:06:11
2020-08-30T18:06:10,85,2020-08-30T18:06:11
2020-08-30T18:06:10,67,2020-08-30T18:06:11
2020-08-30T18:06:10,68,2020-08-30T18:06:11
2020-08-30T18:06:10,53,2020-08-30T18:06:11
2020-08-30T18:06:10,80,2020-08-30T18:06:11
2020-08-30T18:06:10,50,2020-08-30T18:06:11
2020-08-30T18:06:10,51,2020-08-30T18:06:11
2020-08-30T18:06:10,63,2020-08-30T18:06:11
2020-08-30T18:06:10,77,2020-08-30T18:06:11
2020-08-30T18:06:10,86,2020-08-30T18:06:11
2020-08-30T18:06:10,58,2020-08-30T18:06:11
2020-08-30T18:06:10,65,2020-08-30T18:06:11
2020-08-30T18:06:10,93,2020-08-30T18:06:11
2020-08-30T18:06:10,73,2020-08-30T18:06:11
2020-08-30T18:06:10,41,2020-08-30T18:06:11
2020-08-30T18:06:10,39,2020-08-30T18:06:11
2020-08-30T18:06:10,47,2020-08-30T18:06:11
2020-08-30T18:06:10,46,2020-08-30T18:06:11
2020-08-30T18:06:10,92,2020-08-30T18:06:11
2020-08-30T18:06:10,91,2020-08-30T18:06:11
2020-08-30T18:06:10,52,2020-08-30T18:06:11
2020-08-30T18:06:10,57,2020-08-30T18:06:11
2020-08-30T18:06:10,90,2020-08-30T18:06:11
2020-08-30T18:06:10,60,2020-08-30T18:06:11
2020-08-30T18:06:10,72,2020-08-30T18:06:11
2020-08-30T18:06:10,83,2020-08-30T18:06:11
2020-08-30T18:06:10,66,2020-08-30T18:06:11
2020-08-30T18:06:10,69,2020-08-30T18:06:11
2020-08-30T18:06:10,71,2020-08-30T18:06:11
2020-08-30T18:06:10,81,2020-08-30T18:06:11
2020-08-30T18:06:10,84,2020-08-30T18:06:11
2020-08-30T18:06:10,75,2020-08-30T18:06:11
2020-08-30T18:06:10,79,2020-08-30T18:06:11
2020-08-30T18:06:10,82,2020-08-30T18:06:11
2020-08-30T18:06:10,55,2020-08-30T18:06:11
2020-08-30T18:06:10,78,2020-08-30T18:06:11
2020-08-30T18:06:10,74,2020-08-30T18:06:11
2020-08-30T18:06:10,59,2020-08-30T18:06:11
2020-08-30T18:06:10,87,2020-08-30T18:06:11
2020-08-30T18:06:10,70,2020-08-30T18:06:11
2020-08-30T18:06:10,61,2020-08-30T18:06:11
2020-08-30T18:06:10,64,2020-08-30T18:06:11
2020-08-30T18:06:10,76,2020-08-30T18:06:11
2020-08-30T18:06:10,88,2020-08-30T18:06:11
2020-08-30T18:06:10,45,2020-08-30T18:06:11
2020-08-30T18:06:10,54,2020-08-30T18:06:11
2020-08-30T18:06:10,20,2020-08-30T18:06:11
2020-08-30T18:06:11,32,2020-08-30T18:06:11
2020-08-30T18:06:11,21,2020-08-30T18:06:11
2020-08-30T18:06:11,35,2020-08-30T18:06:12
2020-08-30T18:06:11,43,2020-08-30T18:06:12
2020-08-30T18:06:11,95,2020-08-30T18:06:12
2020-08-30T18:06:11,26,2020-08-30T18:06:12
2020-08-30T18:06:11,24,2020-08-30T18:06:12
2020-08-30T18:06:11,76,2020-08-30T18:06:12
2020-08-30T18:06:11,1,2020-08-30T18:06:12
2020-08-30T18:06:11,3,2020-08-30T18:06:12
2020-08-30T18:06:11,55,2020-08-30T18:06:12
2020-08-30T18:06:11,45,2020-08-30T18:06:12
2020-08-30T18:06:11,85,2020-08-30T18:06:12
2020-08-30T18:06:11,38,2020-08-30T18:06:12
2020-08-30T18:06:11,88,2020-08-30T18:06:12
2020-08-30T18:06:11,50,2020-08-30T18:06:12
2020-08-30T18:06:11,16,2020-08-30T18:06:12
2020-08-30T18:06:11,54,2020-08-30T18:06:12
2020-08-30T18:06:11,61,2020-08-30T18:06:12
2020-08-30T18:06:11,10,2020-08-30T18:06:12
2020-08-30T18:06:11,48,2020-08-30T18:06:12
2020-08-30T18:06:11,9,2020-08-30T18:06:12
2020-08-30T18:06:11,17,2020-08-30T18:06:12
2020-08-30T18:06:11,23,2020-08-30T18:06:12
2020-08-30T18:06:11,49,2020-08-30T18:06:12
2020-08-30T18:06:11,80,2020-08-30T18:06:12
2020-08-30T18:06:11,68,2020-08-30T18:06:12
2020-08-30T18:06:11,67,2020-08-30T18:06:12
2020-08-30T18:06:11,53,2020-08-30T18:06:12
2020-08-30T18:06:11,86,2020-08-30T18:06:12
2020-08-30T18:06:11,31,2020-08-30T18:06:12
2020-08-30T18:06:11,42,2020-08-30T18:06:12
2020-08-30T18:06:11,96,2020-08-30T18:06:12
2020-08-30T18:06:11,56,2020-08-30T18:06:12
2020-08-30T18:06:11,30,2020-08-30T18:06:12
2020-08-30T18:06:11,13,2020-08-30T18:06:12
2020-08-30T18:06:11,62,2020-08-30T18:06:12
2020-08-30T18:06:11,94,2020-08-30T18:06:12
2020-08-30T18:06:11,6,2020-08-30T18:06:12
2020-08-30T18:06:11,44,2020-08-30T18:06:12
2020-08-30T18:06:11,59,2020-08-30T18:06:12
2020-08-30T18:06:11,37,2020-08-30T18:06:12
2020-08-30T18:06:11,74,2020-08-30T18:06:12
2020-08-30T18:06:11,70,2020-08-30T18:06:12
2020-08-30T18:06:11,99,2020-08-30T18:06:12
2020-08-30T18:06:11,27,2020-08-30T18:06:12
2020-08-30T18:06:11,22,2020-08-30T18:06:12
2020-08-30T18:06:11,89,2020-08-30T18:06:12
2020-08-30T18:06:11,8,2020-08-30T18:06:12
2020-08-30T18:06:11,18,2020-08-30T18:06:12
2020-08-30T18:06:11,7,2020-08-30T18:06:12
2020-08-30T18:06:11,15,2020-08-30T18:06:12
2020-08-30T18:06:11,29,2020-08-30T18:06:12
2020-08-30T18:06:11,40,2020-08-30T18:06:12
2020-08-30T18:06:11,25,2020-08-30T18:06:12
2020-08-30T18:06:11,4,2020-08-30T18:06:12
2020-08-30T18:06:11,2,2020-08-30T18:06:12
2020-08-30T18:06:11,98,2020-08-30T18:06:12
2020-08-30T18:06:11,46,2020-08-30T18:06:12
2020-08-30T18:06:11,87,2020-08-30T18:06:12
2020-08-30T18:06:11,78,2020-08-30T18:06:12
2020-08-30T18:06:11,90,2020-08-30T18:06:12
2020-08-30T18:06:11,84,2020-08-30T18:06:12
2020-08-30T18:06:11,57,2020-08-30T18:06:12
2020-08-30T18:06:11,66,2020-08-30T18:06:12
2020-08-30T18:06:11,65,2020-08-30T18:06:12
2020-08-30T18:06:11,39,2020-08-30T18:06:12
2020-08-30T18:06:11,64,2020-08-30T18:06:12
2020-08-30T18:06:11,58,2020-08-30T18:06:12
2020-08-30T18:06:11,12,2020-08-30T18:06:12
2020-08-30T18:06:11,19,2020-08-30T18:06:12
2020-08-30T18:06:11,36,2020-08-30T18:06:12
2020-08-30T18:06:11,33,2020-08-30T18:06:12
2020-08-30T18:06:11,28,2020-08-30T18:06:12
2020-08-30T18:06:11,5,2020-08-30T18:06:12
2020-08-30T18:06:11,34,2020-08-30T18:06:12
2020-08-30T18:06:11,11,2020-08-30T18:06:12
2020-08-30T18:06:11,0,2020-08-30T18:06:12
2020-08-30T18:06:11,71,2020-08-30T18:06:12
2020-08-30T18:06:11,77,2020-08-30T18:06:12
2020-08-30T18:06:11,20,2020-08-30T18:06:12
2020-08-30T18:06:11,14,2020-08-30T18:06:12
2020-08-30T18:06:11,51,2020-08-30T18:06:12
2020-08-30T18:06:11,63,2020-08-30T18:06:12
2020-08-30T18:06:11,79,2020-08-30T18:06:12
2020-08-30T18:06:11,82,2020-08-30T18:06:12
2020-08-30T18:06:11,47,2020-08-30T18:06:12
2020-08-30T18:06:11,72,2020-08-30T18:06:12
2020-08-30T18:06:11,92,2020-08-30T18:06:12
2020-08-30T18:06:11,52,2020-08-30T18:06:12
2020-08-30T18:06:11,93,2020-08-30T18:06:12
2020-08-30T18:06:11,97,2020-08-30T18:06:12
2020-08-30T18:06:11,41,2020-08-30T18:06:12
2020-08-30T18:06:11,81,2020-08-30T18:06:12
2020-08-30T18:06:11,75,2020-08-30T18:06:12
2020-08-30T18:06:11,83,2020-08-30T18:06:12
2020-08-30T18:06:11,73,2020-08-30T18:06:12
2020-08-30T18:06:11,69,2020-08-30T18:06:12
2020-08-30T18:06:11,91,2020-08-30T18:06:12
2020-08-30T18:06:11,60,2020-08-30T18:06:12
2020-08-30T18:06:13,63,2020-08-30T18:06:13
2020-08-30T18:06:13,77,2020-08-30T18:06:13
2020-08-30T18:06:13,34,2020-08-30T18:06:13
2020-08-30T18:06:13,96,2020-08-30T18:06:13
2020-08-30T18:06:13,11,2020-08-30T18:06:13
2020-08-30T18:06:13,30,2020-08-30T18:06:13
2020-08-30T18:06:13,26,2020-08-30T18:06:13
2020-08-30T18:06:13,90,2020-08-30T18:06:13
2020-08-30T18:06:13,97,2020-08-30T18:06:13
2020-08-30T18:06:13,93,2020-08-30T18:06:13
2020-08-30T18:06:13,82,2020-08-30T18:06:13
2020-08-30T18:06:13,71,2020-08-30T18:06:13
2020-08-30T18:06:13,46,2020-08-30T18:06:13
2020-08-30T18:06:13,19,2020-08-30T18:06:13
2020-08-30T18:06:13,14,2020-08-30T18:06:13
2020-08-30T18:06:13,0,2020-08-30T18:06:13
2020-08-30T18:06:13,51,2020-08-30T18:06:13
2020-08-30T18:06:13,99,2020-08-30T18:06:13
2020-08-30T18:06:13,9,2020-08-30T18:06:13
2020-08-30T18:06:13,88,2020-08-30T18:06:13
2020-08-30T18:06:13,81,2020-08-30T18:06:13
2020-08-30T18:06:13,35,2020-08-30T18:06:13
2020-08-30T18:06:13,76,2020-08-30T18:06:13
2020-08-30T18:06:13,32,2020-08-30T18:06:13
2020-08-30T18:06:13,69,2020-08-30T18:06:13
2020-08-30T18:06:13,60,2020-08-30T18:06:13
2020-08-30T18:06:13,94,2020-08-30T18:06:13
2020-08-30T18:06:13,92,2020-08-30T18:06:13
2020-08-30T18:06:13,7,2020-08-30T18:06:13
2020-08-30T18:06:13,36,2020-08-30T18:06:13
2020-08-30T18:06:13,84,2020-08-30T18:06:13
2020-08-30T18:06:13,80,2020-08-30T18:06:13
2020-08-30T18:06:13,24,2020-08-30T18:06:13
2020-08-30T18:06:13,67,2020-08-30T18:06:13
2020-08-30T18:06:13,16,2020-08-30T18:06:13
2020-08-30T18:06:13,21,2020-08-30T18:06:13
2020-08-30T18:06:13,56,2020-08-30T18:06:13
2020-08-30T18:06:13,44,2020-08-30T18:06:13
2020-08-30T18:06:13,78,2020-08-30T18:06:13
2020-08-30T18:06:13,40,2020-08-30T18:06:13
2020-08-30T18:06:13,2,2020-08-30T18:06:13
2020-08-30T18:06:13,73,2020-08-30T18:06:13
2020-08-30T18:06:13,28,2020-08-30T18:06:13
2020-08-30T18:06:13,86,2020-08-30T18:06:13
2020-08-30T18:06:13,17,2020-08-30T18:06:13
2020-08-30T18:06:13,10,2020-08-30T18:06:13
2020-08-30T18:06:13,6,2020-08-30T18:06:13
2020-08-30T18:06:13,18,2020-08-30T18:06:13
2020-08-30T18:06:13,66,2020-08-30T18:06:13
2020-08-30T18:06:13,8,2020-08-30T18:06:13
2020-08-30T18:06:13,5,2020-08-30T18:06:13
2020-08-30T18:06:13,55,2020-08-30T18:06:13
2020-08-30T18:06:13,20,2020-08-30T18:06:13
2020-08-30T18:06:13,57,2020-08-30T18:06:13
2020-08-30T18:06:13,33,2020-08-30T18:06:13
2020-08-30T18:06:13,79,2020-08-30T18:06:13
2020-08-30T18:06:13,64,2020-08-30T18:06:13
2020-08-30T18:06:13,75,2020-08-30T18:06:13
2020-08-30T18:06:13,53,2020-08-30T18:06:13
2020-08-30T18:06:13,29,2020-08-30T18:06:13
2020-08-30T18:06:13,27,2020-08-30T18:06:13
2020-08-30T18:06:13,41,2020-08-30T18:06:13
2020-08-30T18:06:13,31,2020-08-30T18:06:13
2020-08-30T18:06:13,49,2020-08-30T18:06:13
2020-08-30T18:06:13,95,2020-08-30T18:06:13
2020-08-30T18:06:13,3,2020-08-30T18:06:13
2020-08-30T18:06:13,61,2020-08-30T18:06:13
2020-08-30T18:06:13,37,2020-08-30T18:06:13
2020-08-30T18:06:13,43,2020-08-30T18:06:13
2020-08-30T18:06:13,22,2020-08-30T18:06:13
2020-08-30T18:06:13,42,2020-08-30T18:06:13
2020-08-30T18:06:13,45,2020-08-30T18:06:13
2020-08-30T18:06:13,50,2020-08-30T18:06:13
2020-08-30T18:06:13,62,2020-08-30T18:06:13
2020-08-30T18:06:13,85,2020-08-30T18:06:13
2020-08-30T18:06:13,89,2020-08-30T18:06:13
2020-08-30T18:06:13,13,2020-08-30T18:06:13
2020-08-30T18:06:13,1,2020-08-30T18:06:13
2020-08-30T18:06:13,54,2020-08-30T18:06:13
2020-08-30T18:06:13,74,2020-08-30T18:06:13
2020-08-30T18:06:13,25,2020-08-30T18:06:13
2020-08-30T18:06:13,38,2020-08-30T18:06:13
2020-08-30T18:06:13,23,2020-08-30T18:06:13
2020-08-30T18:06:13,48,2020-08-30T18:06:13
2020-08-30T18:06:13,15,2020-08-30T18:06:13
2020-08-30T18:06:13,98,2020-08-30T18:06:13
2020-08-30T18:06:13,59,2020-08-30T18:06:13
2020-08-30T18:06:13,70,2020-08-30T18:06:13
2020-08-30T18:06:13,65,2020-08-30T18:06:13
2020-08-30T18:06:13,4,2020-08-30T18:06:13
2020-08-30T18:06:13,68,2020-08-30T18:06:13
2020-08-30T18:06:13,39,2020-08-30T18:06:13
2020-08-30T18:06:13,87,2020-08-30T18:06:13
2020-08-30T18:06:13,91,2020-08-30T18:06:13
2020-08-30T18:06:13,52,2020-08-30T18:06:13
2020-08-30T18:06:13,47,2020-08-30T18:06:13
2020-08-30T18:06:13,72,2020-08-30T18:06:13
2020-08-30T18:06:13,58,2020-08-30T18:06:13
2020-08-30T18:06:13,12,2020-08-30T18:06:13
2020-08-30T18:06:13,83,2020-08-30T18:06:13
2020-08-30T18:06:14,98,2020-08-30T18:06:14
2020-08-30T18:06:14,54,2020-08-30T18:06:14
2020-08-30T18:06:14,68,2020-08-30T18:06:14
2020-08-30T18:06:14,87,2020-08-30T18:06:14
2020-08-30T18:06:14,89,2020-08-30T18:06:14
2020-08-30T18:06:14,57,2020-08-30T18:06:14
2020-08-30T18:06:14,71,2020-08-30T18:06:14
2020-08-30T18:06:14,26,2020-08-30T18:06:14
2020-08-30T18:06:14,82,2020-08-30T18:06:14
2020-08-30T18:06:14,74,2020-08-30T18:06:14
2020-08-30T18:06:14,22,2020-08-30T18:06:14
2020-08-30T18:06:14,50,2020-08-30T18:06:14
2020-08-30T18:06:14,62,2020-08-30T18:06:14
2020-08-30T18:06:14,1,2020-08-30T18:06:14
2020-08-30T18:06:14,27,2020-08-30T18:06:14
2020-08-30T18:06:14,29,2020-08-30T18:06:14
2020-08-30T18:06:14,15,2020-08-30T18:06:14
2020-08-30T18:06:14,8,2020-08-30T18:06:14
2020-08-30T18:06:14,78,2020-08-30T18:06:14
2020-08-30T18:06:14,81,2020-08-30T18:06:14
2020-08-30T18:06:14,7,2020-08-30T18:06:14
2020-08-30T18:06:14,94,2020-08-30T18:06:14
2020-08-30T18:06:14,99,2020-08-30T18:06:14
2020-08-30T18:06:14,56,2020-08-30T18:06:14
2020-08-30T18:06:14,42,2020-08-30T18:06:14
2020-08-30T18:06:14,43,2020-08-30T18:06:14
2020-08-30T18:06:14,20,2020-08-30T18:06:14
2020-08-30T18:06:14,31,2020-08-30T18:06:14
2020-08-30T18:06:14,6,2020-08-30T18:06:14
2020-08-30T18:06:14,44,2020-08-30T18:06:14
2020-08-30T18:06:14,24,2020-08-30T18:06:14
2020-08-30T18:06:14,35,2020-08-30T18:06:14
2020-08-30T18:06:14,69,2020-08-30T18:06:14
2020-08-30T18:06:14,75,2020-08-30T18:06:14
2020-08-30T18:06:14,18,2020-08-30T18:06:14
2020-08-30T18:06:14,86,2020-08-30T18:06:14
2020-08-30T18:06:14,17,2020-08-30T18:06:14
2020-08-30T18:06:14,2,2020-08-30T18:06:14
2020-08-30T18:06:14,16,2020-08-30T18:06:14
2020-08-30T18:06:14,48,2020-08-30T18:06:14
2020-08-30T18:06:14,60,2020-08-30T18:06:14
2020-08-30T18:06:14,92,2020-08-30T18:06:14
2020-08-30T18:06:14,0,2020-08-30T18:06:14
2020-08-30T18:06:14,76,2020-08-30T18:06:14
2020-08-30T18:06:14,38,2020-08-30T18:06:14
2020-08-30T18:06:14,13,2020-08-30T18:06:14
2020-08-30T18:06:14,37,2020-08-30T18:06:14
2020-08-30T18:06:14,3,2020-08-30T18:06:14
2020-08-30T18:06:14,53,2020-08-30T18:06:14
2020-08-30T18:06:14,33,2020-08-30T18:06:14
2020-08-30T18:06:14,41,2020-08-30T18:06:14
2020-08-30T18:06:14,5,2020-08-30T18:06:14
2020-08-30T18:06:14,10,2020-08-30T18:06:14
2020-08-30T18:06:14,40,2020-08-30T18:06:14
2020-08-30T18:06:14,67,2020-08-30T18:06:14
2020-08-30T18:06:14,36,2020-08-30T18:06:14
2020-08-30T18:06:14,73,2020-08-30T18:06:14
2020-08-30T18:06:14,80,2020-08-30T18:06:14
2020-08-30T18:06:14,19,2020-08-30T18:06:14
2020-08-30T18:06:14,9,2020-08-30T18:06:14
2020-08-30T18:06:14,34,2020-08-30T18:06:14
2020-08-30T18:06:14,63,2020-08-30T18:06:14
2020-08-30T18:06:14,88,2020-08-30T18:06:14
2020-08-30T18:06:14,90,2020-08-30T18:06:14
2020-08-30T18:06:14,11,2020-08-30T18:06:14
2020-08-30T18:06:14,96,2020-08-30T18:06:14
2020-08-30T18:06:14,45,2020-08-30T18:06:14
2020-08-30T18:06:14,14,2020-08-30T18:06:14
2020-08-30T18:06:14,61,2020-08-30T18:06:14
2020-08-30T18:06:14,64,2020-08-30T18:06:14
2020-08-30T18:06:14,66,2020-08-30T18:06:14
2020-08-30T18:06:14,55,2020-08-30T18:06:14
2020-08-30T18:06:14,79,2020-08-30T18:06:14
2020-08-30T18:06:14,70,2020-08-30T18:06:14
2020-08-30T18:06:14,77,2020-08-30T18:06:14
2020-08-30T18:06:14,97,2020-08-30T18:06:14
2020-08-30T18:06:14,51,2020-08-30T18:06:14
2020-08-30T18:06:14,93,2020-08-30T18:06:14
2020-08-30T18:06:14,4,2020-08-30T18:06:14
2020-08-30T18:06:14,85,2020-08-30T18:06:14
2020-08-30T18:06:14,23,2020-08-30T18:06:14
2020-08-30T18:06:14,59,2020-08-30T18:06:14
2020-08-30T18:06:14,21,2020-08-30T18:06:14
2020-08-30T18:06:14,72,2020-08-30T18:06:14
2020-08-30T18:06:14,49,2020-08-30T18:06:14
2020-08-30T18:06:14,30,2020-08-30T18:06:14
2020-08-30T18:06:14,95,2020-08-30T18:06:14
2020-08-30T18:06:14,28,2020-08-30T18:06:14
2020-08-30T18:06:14,25,2020-08-30T18:06:14
2020-08-30T18:06:14,58,2020-08-30T18:06:14
2020-08-30T18:06:14,91,2020-08-30T18:06:14
2020-08-30T18:06:14,84,2020-08-30T18:06:14
2020-08-30T18:06:14,39,2020-08-30T18:06:14
2020-08-30T18:06:14,83,2020-08-30T18:06:14
2020-08-30T18:06:14,46,2020-08-30T18:06:14
2020-08-30T18:06:14,65,2020-08-30T18:06:14
2020-08-30T18:06:14,32,2020-08-30T18:06:14
2020-08-30T18:06:14,52,2020-08-30T18:06:14
2020-08-30T18:06:14,47,2020-08-30T18:06:14
2020-08-30T18:06:14,12,2020-08-30T18:06:14
2020-08-30T18:06:15,22,2020-08-30T18:06:15
2020-08-30T18:06:15,95,2020-08-30T18:06:15
2020-08-30T18:06:15,28,2020-08-30T18:06:15
2020-08-30T18:06:15,1,2020-08-30T18:06:15
2020-08-30T18:06:15,27,2020-08-30T18:06:15
2020-08-30T18:06:15,8,2020-08-30T18:06:15
2020-08-30T18:06:15,79,2020-08-30T18:06:15
2020-08-30T18:06:15,56,2020-08-30T18:06:15
2020-08-30T18:06:15,87,2020-08-30T18:06:15
2020-08-30T18:06:15,62,2020-08-30T18:06:15
2020-08-30T18:06:15,15,2020-08-30T18:06:15
2020-08-30T18:06:15,7,2020-08-30T18:06:15
2020-08-30T18:06:15,50,2020-08-30T18:06:15
2020-08-30T18:06:15,97,2020-08-30T18:06:15
2020-08-30T18:06:15,59,2020-08-30T18:06:15
2020-08-30T18:06:15,26,2020-08-30T18:06:15
2020-08-30T18:06:15,29,2020-08-30T18:06:15
2020-08-30T18:06:15,4,2020-08-30T18:06:15
2020-08-30T18:06:15,43,2020-08-30T18:06:15
2020-08-30T18:06:15,78,2020-08-30T18:06:15
2020-08-30T18:06:15,24,2020-08-30T18:06:15
2020-08-30T18:06:15,51,2020-08-30T18:06:15
2020-08-30T18:06:15,86,2020-08-30T18:06:15
2020-08-30T18:06:15,36,2020-08-30T18:06:15
2020-08-30T18:06:15,98,2020-08-30T18:06:15
2020-08-30T18:06:15,93,2020-08-30T18:06:15
2020-08-30T18:06:15,16,2020-08-30T18:06:15
2020-08-30T18:06:15,60,2020-08-30T18:06:15
2020-08-30T18:06:15,54,2020-08-30T18:06:15
2020-08-30T18:06:15,76,2020-08-30T18:06:15
2020-08-30T18:06:15,20,2020-08-30T18:06:15
2020-08-30T18:06:15,73,2020-08-30T18:06:15
2020-08-30T18:06:15,2,2020-08-30T18:06:15
2020-08-30T18:06:15,99,2020-08-30T18:06:15
2020-08-30T18:06:15,77,2020-08-30T18:06:15
2020-08-30T18:06:15,0,2020-08-30T18:06:15
2020-08-30T18:06:15,40,2020-08-30T18:06:15
2020-08-30T18:06:15,33,2020-08-30T18:06:15
2020-08-30T18:06:15,67,2020-08-30T18:06:15
2020-08-30T18:06:15,80,2020-08-30T18:06:15
2020-08-30T18:06:15,37,2020-08-30T18:06:15
2020-08-30T18:06:15,75,2020-08-30T18:06:15
2020-08-30T18:06:15,53,2020-08-30T18:06:15
2020-08-30T18:06:15,35,2020-08-30T18:06:15
2020-08-30T18:06:15,6,2020-08-30T18:06:15
2020-08-30T18:06:15,42,2020-08-30T18:06:15
2020-08-30T18:06:15,17,2020-08-30T18:06:15
2020-08-30T18:06:15,68,2020-08-30T18:06:15
2020-08-30T18:06:15,48,2020-08-30T18:06:15
2020-08-30T18:06:15,5,2020-08-30T18:06:15
2020-08-30T18:06:15,3,2020-08-30T18:06:15
2020-08-30T18:06:15,31,2020-08-30T18:06:15
2020-08-30T18:06:15,18,2020-08-30T18:06:15
2020-08-30T18:06:15,74,2020-08-30T18:06:15
2020-08-30T18:06:15,34,2020-08-30T18:06:15
2020-08-30T18:06:15,19,2020-08-30T18:06:15
2020-08-30T18:06:15,38,2020-08-30T18:06:15
2020-08-30T18:06:15,63,2020-08-30T18:06:15
2020-08-30T18:06:15,70,2020-08-30T18:06:15
2020-08-30T18:06:15,45,2020-08-30T18:06:15
2020-08-30T18:06:15,13,2020-08-30T18:06:15
2020-08-30T18:06:15,85,2020-08-30T18:06:15
2020-08-30T18:06:15,64,2020-08-30T18:06:15
2020-08-30T18:06:15,96,2020-08-30T18:06:15
2020-08-30T18:06:15,10,2020-08-30T18:06:15
2020-08-30T18:06:15,66,2020-08-30T18:06:15
2020-08-30T18:06:15,90,2020-08-30T18:06:15
2020-08-30T18:06:15,32,2020-08-30T18:06:15
2020-08-30T18:06:15,72,2020-08-30T18:06:15
2020-08-30T18:06:15,65,2020-08-30T18:06:15
2020-08-30T18:06:15,55,2020-08-30T18:06:15
2020-08-30T18:06:15,83,2020-08-30T18:06:15
2020-08-30T18:06:15,47,2020-08-30T18:06:15
2020-08-30T18:06:15,25,2020-08-30T18:06:15
2020-08-30T18:06:15,39,2020-08-30T18:06:15
2020-08-30T18:06:15,52,2020-08-30T18:06:15
2020-08-30T18:06:15,88,2020-08-30T18:06:16
2020-08-30T18:06:15,11,2020-08-30T18:06:16
2020-08-30T18:06:15,61,2020-08-30T18:06:16
2020-08-30T18:06:15,14,2020-08-30T18:06:16
2020-08-30T18:06:15,21,2020-08-30T18:06:16
2020-08-30T18:06:15,84,2020-08-30T18:06:16
2020-08-30T18:06:15,91,2020-08-30T18:06:16
2020-08-30T18:06:15,58,2020-08-30T18:06:16
2020-08-30T18:06:15,46,2020-08-30T18:06:16
2020-08-30T18:06:15,12,2020-08-30T18:06:16
2020-08-30T18:06:15,9,2020-08-30T18:06:16
2020-08-30T18:06:15,41,2020-08-30T18:06:16
2020-08-30T18:06:15,82,2020-08-30T18:06:16
2020-08-30T18:06:15,94,2020-08-30T18:06:16
2020-08-30T18:06:15,30,2020-08-30T18:06:16
2020-08-30T18:06:15,81,2020-08-30T18:06:16
2020-08-30T18:06:15,69,2020-08-30T18:06:16
2020-08-30T18:06:15,49,2020-08-30T18:06:16
2020-08-30T18:06:15,92,2020-08-30T18:06:16
2020-08-30T18:06:15,23,2020-08-30T18:06:16
2020-08-30T18:06:15,57,2020-08-30T18:06:16
2020-08-30T18:06:15,71,2020-08-30T18:06:16
2020-08-30T18:06:15,89,2020-08-30T18:06:16
2020-08-30T18:06:15,44,2020-08-30T18:06:16
2020-08-30T18:06:16,1,2020-08-30T18:06:16
2020-08-30T18:06:16,26,2020-08-30T18:06:16
2020-08-30T18:06:16,28,2020-08-30T18:06:16
2020-08-30T18:06:16,81,2020-08-30T18:06:16
2020-08-30T18:06:16,95,2020-08-30T18:06:16
2020-08-30T18:06:16,22,2020-08-30T18:06:16
2020-08-30T18:06:16,79,2020-08-30T18:06:16
2020-08-30T18:06:16,57,2020-08-30T18:06:16
2020-08-30T18:06:16,4,2020-08-30T18:06:16
2020-08-30T18:06:16,97,2020-08-30T18:06:16
2020-08-30T18:06:16,27,2020-08-30T18:06:16
2020-08-30T18:06:16,50,2020-08-30T18:06:16
2020-08-30T18:06:16,29,2020-08-30T18:06:16
2020-08-30T18:06:16,99,2020-08-30T18:06:16
2020-08-30T18:06:16,56,2020-08-30T18:06:16
2020-08-30T18:06:16,15,2020-08-30T18:06:16
2020-08-30T18:06:16,87,2020-08-30T18:06:16
2020-08-30T18:06:16,7,2020-08-30T18:06:16
2020-08-30T18:06:16,59,2020-08-30T18:06:16
2020-08-30T18:06:16,94,2020-08-30T18:06:16
2020-08-30T18:06:16,62,2020-08-30T18:06:16
2020-08-30T18:06:16,89,2020-08-30T18:06:16
2020-08-30T18:06:16,8,2020-08-30T18:06:16
2020-08-30T18:06:16,49,2020-08-30T18:06:16
2020-08-30T18:06:16,71,2020-08-30T18:06:16
2020-08-30T18:06:16,82,2020-08-30T18:06:16
2020-08-30T18:06:16,78,2020-08-30T18:06:16
2020-08-30T18:06:16,69,2020-08-30T18:06:16
2020-08-30T18:06:16,23,2020-08-30T18:06:16
2020-08-30T18:06:16,86,2020-08-30T18:06:16
2020-08-30T18:06:16,10,2020-08-30T18:06:16
2020-08-30T18:06:16,31,2020-08-30T18:06:16
2020-08-30T18:06:16,33,2020-08-30T18:06:16
2020-08-30T18:06:16,63,2020-08-30T18:06:16
2020-08-30T18:06:16,24,2020-08-30T18:06:16
2020-08-30T18:06:16,98,2020-08-30T18:06:16
2020-08-30T18:06:16,83,2020-08-30T18:06:16
2020-08-30T18:06:16,43,2020-08-30T18:06:16
2020-08-30T18:06:16,3,2020-08-30T18:06:16
2020-08-30T18:06:16,70,2020-08-30T18:06:16
2020-08-30T18:06:16,35,2020-08-30T18:06:16
2020-08-30T18:06:16,38,2020-08-30T18:06:16
2020-08-30T18:06:16,64,2020-08-30T18:06:16
2020-08-30T18:06:16,92,2020-08-30T18:06:16
2020-08-30T18:06:16,55,2020-08-30T18:06:16
2020-08-30T18:06:16,51,2020-08-30T18:06:16
2020-08-30T18:06:16,11,2020-08-30T18:06:16
2020-08-30T18:06:16,67,2020-08-30T18:06:16
2020-08-30T18:06:16,91,2020-08-30T18:06:16
2020-08-30T18:06:16,80,2020-08-30T18:06:16
2020-08-30T18:06:16,16,2020-08-30T18:06:16
2020-08-30T18:06:16,41,2020-08-30T18:06:16
2020-08-30T18:06:16,76,2020-08-30T18:06:16
2020-08-30T18:06:16,40,2020-08-30T18:06:16
2020-08-30T18:06:16,53,2020-08-30T18:06:16
2020-08-30T18:06:16,48,2020-08-30T18:06:16
2020-08-30T18:06:16,18,2020-08-30T18:06:16
2020-08-30T18:06:16,19,2020-08-30T18:06:16
2020-08-30T18:06:16,74,2020-08-30T18:06:16
2020-08-30T18:06:16,13,2020-08-30T18:06:17
2020-08-30T18:06:16,90,2020-08-30T18:06:17
2020-08-30T18:06:16,39,2020-08-30T18:06:17
2020-08-30T18:06:16,65,2020-08-30T18:06:17
2020-08-30T18:06:16,88,2020-08-30T18:06:17
2020-08-30T18:06:16,14,2020-08-30T18:06:17
2020-08-30T18:06:16,52,2020-08-30T18:06:17
2020-08-30T18:06:16,58,2020-08-30T18:06:17
2020-08-30T18:06:16,17,2020-08-30T18:06:17
2020-08-30T18:06:16,12,2020-08-30T18:06:17
2020-08-30T18:06:16,30,2020-08-30T18:06:17
2020-08-30T18:06:16,2,2020-08-30T18:06:17
2020-08-30T18:06:16,0,2020-08-30T18:06:17
2020-08-30T18:06:16,93,2020-08-30T18:06:17
2020-08-30T18:06:16,68,2020-08-30T18:06:17
2020-08-30T18:06:16,34,2020-08-30T18:06:17
2020-08-30T18:06:16,45,2020-08-30T18:06:17
2020-08-30T18:06:16,66,2020-08-30T18:06:17
2020-08-30T18:06:16,37,2020-08-30T18:06:17
2020-08-30T18:06:16,21,2020-08-30T18:06:17
2020-08-30T18:06:16,44,2020-08-30T18:06:17
2020-08-30T18:06:16,72,2020-08-30T18:06:17
2020-08-30T18:06:16,46,2020-08-30T18:06:17
2020-08-30T18:06:16,47,2020-08-30T18:06:17
2020-08-30T18:06:16,9,2020-08-30T18:06:17
2020-08-30T18:06:16,61,2020-08-30T18:06:17
2020-08-30T18:06:16,60,2020-08-30T18:06:17
2020-08-30T18:06:16,84,2020-08-30T18:06:17
2020-08-30T18:06:16,25,2020-08-30T18:06:17
2020-08-30T18:06:16,54,2020-08-30T18:06:17
2020-08-30T18:06:16,42,2020-08-30T18:06:17
2020-08-30T18:06:16,20,2020-08-30T18:06:17
2020-08-30T18:06:16,32,2020-08-30T18:06:17
2020-08-30T18:06:16,77,2020-08-30T18:06:17
2020-08-30T18:06:16,73,2020-08-30T18:06:17
2020-08-30T18:06:16,96,2020-08-30T18:06:17
2020-08-30T18:06:16,5,2020-08-30T18:06:17
2020-08-30T18:06:16,36,2020-08-30T18:06:17
2020-08-30T18:06:16,75,2020-08-30T18:06:17
2020-08-30T18:06:16,85,2020-08-30T18:06:17
2020-08-30T18:06:16,6,2020-08-30T18:06:17
2020-08-30T18:06:17,41,2020-08-30T18:06:17
2020-08-30T18:06:17,33,2020-08-30T18:06:17
2020-08-30T18:06:17,85,2020-08-30T18:06:17
2020-08-30T18:06:17,87,2020-08-30T18:06:17
2020-08-30T18:06:17,14,2020-08-30T18:06:17
2020-08-30T18:06:17,80,2020-08-30T18:06:17
2020-08-30T18:06:17,81,2020-08-30T18:06:17
2020-08-30T18:06:17,82,2020-08-30T18:06:17
2020-08-30T18:06:17,1,2020-08-30T18:06:17
2020-08-30T18:06:17,29,2020-08-30T18:06:17
2020-08-30T18:06:17,48,2020-08-30T18:06:17
2020-08-30T18:06:17,17,2020-08-30T18:06:17
2020-08-30T18:06:17,65,2020-08-30T18:06:17
2020-08-30T18:06:17,44,2020-08-30T18:06:17
2020-08-30T18:06:17,90,2020-08-30T18:06:17
2020-08-30T18:06:17,88,2020-08-30T18:06:17
2020-08-30T18:06:17,67,2020-08-30T18:06:17
2020-08-30T18:06:17,83,2020-08-30T18:06:17
2020-08-30T18:06:17,23,2020-08-30T18:06:17
2020-08-30T18:06:17,4,2020-08-30T18:06:17
2020-08-30T18:06:17,22,2020-08-30T18:06:17
2020-08-30T18:06:17,49,2020-08-30T18:06:17
2020-08-30T18:06:17,68,2020-08-30T18:06:17
2020-08-30T18:06:17,39,2020-08-30T18:06:17
2020-08-30T18:06:17,94,2020-08-30T18:06:17
2020-08-30T18:06:17,63,2020-08-30T18:06:17
2020-08-30T18:06:17,64,2020-08-30T18:06:17
2020-08-30T18:06:17,58,2020-08-30T18:06:17
2020-08-30T18:06:17,3,2020-08-30T18:06:17
2020-08-30T18:06:17,13,2020-08-30T18:06:17
2020-08-30T18:06:17,32,2020-08-30T18:06:17
2020-08-30T18:06:17,25,2020-08-30T18:06:17
2020-08-30T18:06:17,61,2020-08-30T18:06:17
2020-08-30T18:06:17,42,2020-08-30T18:06:17
2020-08-30T18:06:17,74,2020-08-30T18:06:17
2020-08-30T18:06:17,36,2020-08-30T18:06:17
2020-08-30T18:06:17,35,2020-08-30T18:06:17
2020-08-30T18:06:17,9,2020-08-30T18:06:17
2020-08-30T18:06:17,18,2020-08-30T18:06:17
2020-08-30T18:06:17,91,2020-08-30T18:06:17
2020-08-30T18:06:17,73,2020-08-30T18:06:17
2020-08-30T18:06:17,20,2020-08-30T18:06:17
2020-08-30T18:06:17,89,2020-08-30T18:06:17
2020-08-30T18:06:17,55,2020-08-30T18:06:17
2020-08-30T18:06:17,12,2020-08-30T18:06:17
2020-08-30T18:06:17,30,2020-08-30T18:06:17
2020-08-30T18:06:17,78,2020-08-30T18:06:17
2020-08-30T18:06:17,86,2020-08-30T18:06:17
2020-08-30T18:06:17,31,2020-08-30T18:06:17
2020-08-30T18:06:17,46,2020-08-30T18:06:18
2020-08-30T18:06:17,10,2020-08-30T18:06:18
2020-08-30T18:06:17,70,2020-08-30T18:06:18
2020-08-30T18:06:17,6,2020-08-30T18:06:18
2020-08-30T18:06:17,98,2020-08-30T18:06:18
2020-08-30T18:06:17,47,2020-08-30T18:06:18
2020-08-30T18:06:17,15,2020-08-30T18:06:18
2020-08-30T18:06:17,7,2020-08-30T18:06:18
2020-08-30T18:06:17,21,2020-08-30T18:06:18
2020-08-30T18:06:17,24,2020-08-30T18:06:18
2020-08-30T18:06:17,0,2020-08-30T18:06:18
2020-08-30T18:06:17,59,2020-08-30T18:06:18
2020-08-30T18:06:17,50,2020-08-30T18:06:18
2020-08-30T18:06:17,95,2020-08-30T18:06:18
2020-08-30T18:06:17,5,2020-08-30T18:06:18
2020-08-30T18:06:17,37,2020-08-30T18:06:18
2020-08-30T18:06:17,19,2020-08-30T18:06:18
2020-08-30T18:06:17,53,2020-08-30T18:06:18
2020-08-30T18:06:17,16,2020-08-30T18:06:18
2020-08-30T18:06:17,11,2020-08-30T18:06:18
2020-08-30T18:06:17,96,2020-08-30T18:06:18
2020-08-30T18:06:17,40,2020-08-30T18:06:18
2020-08-30T18:06:17,62,2020-08-30T18:06:18
2020-08-30T18:06:17,75,2020-08-30T18:06:18
2020-08-30T18:06:17,28,2020-08-30T18:06:18
2020-08-30T18:06:17,71,2020-08-30T18:06:18
2020-08-30T18:06:17,57,2020-08-30T18:06:18
2020-08-30T18:06:17,54,2020-08-30T18:06:18
2020-08-30T18:06:17,66,2020-08-30T18:06:18
2020-08-30T18:06:17,2,2020-08-30T18:06:18
2020-08-30T18:06:17,52,2020-08-30T18:06:18
2020-08-30T18:06:17,93,2020-08-30T18:06:18
2020-08-30T18:06:17,77,2020-08-30T18:06:18
2020-08-30T18:06:17,84,2020-08-30T18:06:18
2020-08-30T18:06:17,60,2020-08-30T18:06:18
2020-08-30T18:06:17,34,2020-08-30T18:06:18
2020-08-30T18:06:17,38,2020-08-30T18:06:18
2020-08-30T18:06:17,26,2020-08-30T18:06:18
2020-08-30T18:06:17,92,2020-08-30T18:06:18
2020-08-30T18:06:17,45,2020-08-30T18:06:18
2020-08-30T18:06:17,76,2020-08-30T18:06:18
2020-08-30T18:06:17,43,2020-08-30T18:06:18
2020-08-30T18:06:17,51,2020-08-30T18:06:18
2020-08-30T18:06:17,8,2020-08-30T18:06:18
2020-08-30T18:06:17,56,2020-08-30T18:06:18
2020-08-30T18:06:17,69,2020-08-30T18:06:18
2020-08-30T18:06:17,79,2020-08-30T18:06:18
2020-08-30T18:06:17,99,2020-08-30T18:06:18
2020-08-30T18:06:17,27,2020-08-30T18:06:18
2020-08-30T18:06:17,97,2020-08-30T18:06:18
2020-08-30T18:06:17,72,2020-08-30T18:06:18
2020-08-30T18:06:18,44,2020-08-30T18:06:18
2020-08-30T18:06:18,90,2020-08-30T18:06:18
2020-08-30T18:06:18,14,2020-08-30T18:06:18
2020-08-30T18:06:18,29,2020-08-30T18:06:18
2020-08-30T18:06:18,94,2020-08-30T18:06:18
2020-08-30T18:06:18,25,2020-08-30T18:06:18
2020-08-30T18:06:18,32,2020-08-30T18:06:18
2020-08-30T18:06:18,53,2020-08-30T18:06:18
2020-08-30T18:06:18,67,2020-08-30T18:06:18
2020-08-30T18:06:18,12,2020-08-30T18:06:18
2020-08-30T18:06:18,2,2020-08-30T18:06:18
2020-08-30T18:06:18,8,2020-08-30T18:06:18
2020-08-30T18:06:18,23,2020-08-30T18:06:18
2020-08-30T18:06:18,63,2020-08-30T18:06:18
2020-08-30T18:06:18,41,2020-08-30T18:06:18
2020-08-30T18:06:18,33,2020-08-30T18:06:18
2020-08-30T18:06:18,35,2020-08-30T18:06:18
2020-08-30T18:06:18,4,2020-08-30T18:06:18
2020-08-30T18:06:18,49,2020-08-30T18:06:18
2020-08-30T18:06:18,1,2020-08-30T18:06:18
2020-08-30T18:06:18,73,2020-08-30T18:06:18
2020-08-30T18:06:18,82,2020-08-30T18:06:18
2020-08-30T18:06:18,87,2020-08-30T18:06:18
2020-08-30T18:06:18,48,2020-08-30T18:06:18
2020-08-30T18:06:18,74,2020-08-30T18:06:18
2020-08-30T18:06:18,10,2020-08-30T18:06:18
2020-08-30T18:06:18,79,2020-08-30T18:06:18
2020-08-30T18:06:18,31,2020-08-30T18:06:18
2020-08-30T18:06:18,61,2020-08-30T18:06:18
2020-08-30T18:06:18,46,2020-08-30T18:06:18
2020-08-30T18:06:18,42,2020-08-30T18:06:18
2020-08-30T18:06:18,39,2020-08-30T18:06:18
2020-08-30T18:06:18,81,2020-08-30T18:06:18
2020-08-30T18:06:18,17,2020-08-30T18:06:18
2020-08-30T18:06:18,83,2020-08-30T18:06:18
2020-08-30T18:06:18,69,2020-08-30T18:06:18
2020-08-30T18:06:18,88,2020-08-30T18:06:19
2020-08-30T18:06:18,80,2020-08-30T18:06:19
2020-08-30T18:06:18,3,2020-08-30T18:06:19
2020-08-30T18:06:18,85,2020-08-30T18:06:19
2020-08-30T18:06:18,59,2020-08-30T18:06:19
2020-08-30T18:06:18,64,2020-08-30T18:06:19
2020-08-30T18:06:18,58,2020-08-30T18:06:19
2020-08-30T18:06:18,65,2020-08-30T18:06:19
2020-08-30T18:06:18,22,2020-08-30T18:06:19
2020-08-30T18:06:18,95,2020-08-30T18:06:19
2020-08-30T18:06:18,55,2020-08-30T18:06:19
2020-08-30T18:06:18,86,2020-08-30T18:06:19
2020-08-30T18:06:18,72,2020-08-30T18:06:19
2020-08-30T18:06:18,47,2020-08-30T18:06:19
2020-08-30T18:06:18,98,2020-08-30T18:06:19
2020-08-30T18:06:18,68,2020-08-30T18:06:19
2020-08-30T18:06:18,13,2020-08-30T18:06:19
2020-08-30T18:06:18,6,2020-08-30T18:06:19
2020-08-30T18:06:18,7,2020-08-30T18:06:19
2020-08-30T18:06:18,21,2020-08-30T18:06:19
2020-08-30T18:06:18,20,2020-08-30T18:06:19
2020-08-30T18:06:18,91,2020-08-30T18:06:19
2020-08-30T18:06:18,18,2020-08-30T18:06:19
2020-08-30T18:06:18,27,2020-08-30T18:06:19
2020-08-30T18:06:18,15,2020-08-30T18:06:19
2020-08-30T18:06:18,9,2020-08-30T18:06:19
2020-08-30T18:06:18,97,2020-08-30T18:06:19
2020-08-30T18:06:18,43,2020-08-30T18:06:19
2020-08-30T18:06:18,78,2020-08-30T18:06:19
2020-08-30T18:06:18,30,2020-08-30T18:06:19
2020-08-30T18:06:18,5,2020-08-30T18:06:19
2020-08-30T18:06:18,37,2020-08-30T18:06:19
2020-08-30T18:06:18,99,2020-08-30T18:06:19
2020-08-30T18:06:18,70,2020-08-30T18:06:19
2020-08-30T18:06:18,36,2020-08-30T18:06:19
2020-08-30T18:06:18,56,2020-08-30T18:06:19
2020-08-30T18:06:18,0,2020-08-30T18:06:19
2020-08-30T18:06:18,77,2020-08-30T18:06:19
2020-08-30T18:06:18,51,2020-08-30T18:06:19
2020-08-30T18:06:18,89,2020-08-30T18:06:19
2020-08-30T18:06:18,76,2020-08-30T18:06:19
2020-08-30T18:06:18,62,2020-08-30T18:06:19
2020-08-30T18:06:18,24,2020-08-30T18:06:19
2020-08-30T18:06:18,66,2020-08-30T18:06:19
2020-08-30T18:06:18,38,2020-08-30T18:06:19
2020-08-30T18:06:18,19,2020-08-30T18:06:19
2020-08-30T18:06:18,96,2020-08-30T18:06:19
2020-08-30T18:06:18,34,2020-08-30T18:06:19
2020-08-30T18:06:18,93,2020-08-30T18:06:19
2020-08-30T18:06:18,50,2020-08-30T18:06:19
2020-08-30T18:06:18,40,2020-08-30T18:06:19
2020-08-30T18:06:18,52,2020-08-30T18:06:19
2020-08-30T18:06:18,71,2020-08-30T18:06:19
2020-08-30T18:06:18,54,2020-08-30T18:06:19
2020-08-30T18:06:18,16,2020-08-30T18:06:19
2020-08-30T18:06:18,92,2020-08-30T18:06:19
2020-08-30T18:06:18,57,2020-08-30T18:06:19
2020-08-30T18:06:18,75,2020-08-30T18:06:19
2020-08-30T18:06:18,26,2020-08-30T18:06:19
2020-08-30T18:06:18,28,2020-08-30T18:06:19
2020-08-30T18:06:18,60,2020-08-30T18:06:19
2020-08-30T18:06:18,11,2020-08-30T18:06:19
2020-08-30T18:06:18,45,2020-08-30T18:06:19
2020-08-30T18:06:18,84,2020-08-30T18:06:19
2020-08-30T18:06:19,32,2020-08-30T18:06:19
2020-08-30T18:06:19,48,2020-08-30T18:06:19
2020-08-30T18:06:19,35,2020-08-30T18:06:19
2020-08-30T18:06:19,98,2020-08-30T18:06:19
2020-08-30T18:06:19,41,2020-08-30T18:06:19
2020-08-30T18:06:19,22,2020-08-30T18:06:19
2020-08-30T18:06:19,2,2020-08-30T18:06:19
2020-08-30T18:06:19,53,2020-08-30T18:06:19
2020-08-30T18:06:19,5,2020-08-30T18:06:19
2020-08-30T18:06:19,88,2020-08-30T18:06:19
2020-08-30T18:06:19,8,2020-08-30T18:06:19
2020-08-30T18:06:19,4,2020-08-30T18:06:19
2020-08-30T18:06:19,36,2020-08-30T18:06:19
2020-08-30T18:06:19,10,2020-08-30T18:06:19
2020-08-30T18:06:19,1,2020-08-30T18:06:19
2020-08-30T18:06:19,79,2020-08-30T18:06:19
2020-08-30T18:06:19,42,2020-08-30T18:06:19
2020-08-30T18:06:19,83,2020-08-30T18:06:19
2020-08-30T18:06:19,55,2020-08-30T18:06:19
2020-08-30T18:06:19,7,2020-08-30T18:06:19
2020-08-30T18:06:19,14,2020-08-30T18:06:19
2020-08-30T18:06:19,6,2020-08-30T18:06:20
2020-08-30T18:06:19,28,2020-08-30T18:06:20
2020-08-30T18:06:19,20,2020-08-30T18:06:20
2020-08-30T18:06:19,70,2020-08-30T18:06:20
2020-08-30T18:06:19,81,2020-08-30T18:06:20
2020-08-30T18:06:19,86,2020-08-30T18:06:20
2020-08-30T18:06:19,17,2020-08-30T18:06:20
2020-08-30T18:06:19,65,2020-08-30T18:06:20
2020-08-30T18:06:19,13,2020-08-30T18:06:20
2020-08-30T18:06:19,90,2020-08-30T18:06:20
2020-08-30T18:06:19,59,2020-08-30T18:06:20
2020-08-30T18:06:19,95,2020-08-30T18:06:20
2020-08-30T18:06:19,15,2020-08-30T18:06:20
2020-08-30T18:06:19,77,2020-08-30T18:06:20
2020-08-30T18:06:19,39,2020-08-30T18:06:20
2020-08-30T18:06:19,91,2020-08-30T18:06:20
2020-08-30T18:06:19,33,2020-08-30T18:06:20
2020-08-30T18:06:19,68,2020-08-30T18:06:20
2020-08-30T18:06:19,21,2020-08-30T18:06:20
2020-08-30T18:06:19,97,2020-08-30T18:06:20
2020-08-30T18:06:19,44,2020-08-30T18:06:20
2020-08-30T18:06:19,56,2020-08-30T18:06:20
2020-08-30T18:06:19,47,2020-08-30T18:06:20
2020-08-30T18:06:19,29,2020-08-30T18:06:20
2020-08-30T18:06:19,0,2020-08-30T18:06:20
2020-08-30T18:06:19,37,2020-08-30T18:06:20
2020-08-30T18:06:19,18,2020-08-30T18:06:20
2020-08-30T18:06:19,89,2020-08-30T18:06:20
2020-08-30T18:06:19,74,2020-08-30T18:06:20
2020-08-30T18:06:19,23,2020-08-30T18:06:20
2020-08-30T18:06:19,67,2020-08-30T18:06:20
2020-08-30T18:06:19,87,2020-08-30T18:06:20
2020-08-30T18:06:19,61,2020-08-30T18:06:20
2020-08-30T18:06:19,3,2020-08-30T18:06:20
2020-08-30T18:06:19,73,2020-08-30T18:06:20
2020-08-30T18:06:19,12,2020-08-30T18:06:20
2020-08-30T18:06:19,46,2020-08-30T18:06:20
2020-08-30T18:06:19,58,2020-08-30T18:06:20
2020-08-30T18:06:19,43,2020-08-30T18:06:20
2020-08-30T18:06:19,82,2020-08-30T18:06:20
2020-08-30T18:06:19,31,2020-08-30T18:06:20
2020-08-30T18:06:19,27,2020-08-30T18:06:20
2020-08-30T18:06:19,24,2020-08-30T18:06:20
2020-08-30T18:06:19,85,2020-08-30T18:06:20
2020-08-30T18:06:19,94,2020-08-30T18:06:20
2020-08-30T18:06:19,69,2020-08-30T18:06:20
2020-08-30T18:06:19,49,2020-08-30T18:06:20
2020-08-30T18:06:19,51,2020-08-30T18:06:20
2020-08-30T18:06:19,30,2020-08-30T18:06:20
2020-08-30T18:06:19,26,2020-08-30T18:06:20
2020-08-30T18:06:19,80,2020-08-30T18:06:20
2020-08-30T18:06:19,63,2020-08-30T18:06:20
2020-08-30T18:06:19,72,2020-08-30T18:06:20
2020-08-30T18:06:19,99,2020-08-30T18:06:20
2020-08-30T18:06:19,11,2020-08-30T18:06:20
2020-08-30T18:06:19,93,2020-08-30T18:06:20
2020-08-30T18:06:19,52,2020-08-30T18:06:20
2020-08-30T18:06:19,38,2020-08-30T18:06:20
2020-08-30T18:06:19,45,2020-08-30T18:06:20
2020-08-30T18:06:19,78,2020-08-30T18:06:20
2020-08-30T18:06:19,9,2020-08-30T18:06:20
2020-08-30T18:06:19,25,2020-08-30T18:06:20
2020-08-30T18:06:19,64,2020-08-30T18:06:20
2020-08-30T18:06:19,71,2020-08-30T18:06:20
2020-08-30T18:06:19,66,2020-08-30T18:06:20
2020-08-30T18:06:19,40,2020-08-30T18:06:20
2020-08-30T18:06:19,96,2020-08-30T18:06:20
2020-08-30T18:06:19,16,2020-08-30T18:06:20
2020-08-30T18:06:19,76,2020-08-30T18:06:20
2020-08-30T18:06:19,84,2020-08-30T18:06:20
2020-08-30T18:06:19,92,2020-08-30T18:06:20
2020-08-30T18:06:19,34,2020-08-30T18:06:20
2020-08-30T18:06:19,62,2020-08-30T18:06:20
2020-08-30T18:06:19,19,2020-08-30T18:06:20
2020-08-30T18:06:19,60,2020-08-30T18:06:20
2020-08-30T18:06:19,50,2020-08-30T18:06:20
2020-08-30T18:06:19,54,2020-08-30T18:06:20
2020-08-30T18:06:19,75,2020-08-30T18:06:20
2020-08-30T18:06:19,57,2020-08-30T18:06:20
2020-08-31T10:42:20,99,2020-08-31T10:42:21
2020-08-31T10:42:20,2,2020-08-31T10:42:21
2020-08-31T10:42:20,5,2020-08-31T10:42:21
2020-08-31T10:42:20,12,2020-08-31T10:42:21
2020-08-31T10:42:20,0,2020-08-31T10:42:21
2020-08-31T10:42:20,3,2020-08-31T10:42:21
2020-08-31T10:42:20,4,2020-08-31T10:42:21
2020-08-31T10:42:20,7,2020-08-31T10:42:21
2020-08-31T10:42:20,11,2020-08-31T10:42:21
2020-08-31T10:42:20,10,2020-08-31T10:42:21
2020-08-31T10:42:20,97,2020-08-31T10:42:21
2020-08-31T10:42:20,1,2020-08-31T10:42:21
2020-08-31T10:42:20,98,2020-08-31T10:42:21
2020-08-31T10:42:20,9,2020-08-31T10:42:21
2020-08-31T10:42:20,13,2020-08-31T10:42:21
2020-08-31T10:42:20,17,2020-08-31T10:42:21
2020-08-31T10:42:20,96,2020-08-31T10:42:21
2020-08-31T10:42:20,8,2020-08-31T10:42:21
2020-08-31T10:42:20,6,2020-08-31T10:42:21
2020-08-31T10:42:20,94,2020-08-31T10:42:21
2020-08-31T10:42:20,19,2020-08-31T10:42:21
2020-08-31T10:42:20,18,2020-08-31T10:42:21
2020-08-31T10:42:20,15,2020-08-31T10:42:21
2020-08-31T10:42:20,95,2020-08-31T10:42:21
2020-08-31T10:42:20,21,2020-08-31T10:42:21
2020-08-31T10:42:20,20,2020-08-31T10:42:21
2020-08-31T10:42:20,22,2020-08-31T10:42:21
2020-08-31T10:42:20,16,2020-08-31T10:42:21
2020-08-31T10:42:20,14,2020-08-31T10:42:21
2020-08-31T10:42:20,27,2020-08-31T10:42:21
2020-08-31T10:42:20,26,2020-08-31T10:42:21
2020-08-31T10:42:20,92,2020-08-31T10:42:21
2020-08-31T10:42:20,25,2020-08-31T10:42:21
2020-08-31T10:42:20,93,2020-08-31T10:42:21
2020-08-31T10:42:20,28,2020-08-31T10:42:21
2020-08-31T10:42:20,31,2020-08-31T10:42:21
2020-08-31T10:42:20,29,2020-08-31T10:42:21
2020-08-31T10:42:20,23,2020-08-31T10:42:21
2020-08-31T10:42:20,24,2020-08-31T10:42:21
2020-08-31T10:42:20,39,2020-08-31T10:42:21
2020-08-31T10:42:20,35,2020-08-31T10:42:21
2020-08-31T10:42:20,34,2020-08-31T10:42:21
2020-08-31T10:42:20,32,2020-08-31T10:42:21
2020-08-31T10:42:20,33,2020-08-31T10:42:21
2020-08-31T10:42:20,30,2020-08-31T10:42:21
2020-08-31T10:42:20,37,2020-08-31T10:42:21
2020-08-31T10:42:20,38,2020-08-31T10:42:21
2020-08-31T10:42:20,90,2020-08-31T10:42:21
2020-08-31T10:42:20,43,2020-08-31T10:42:21
2020-08-31T10:42:20,42,2020-08-31T10:42:21
2020-08-31T10:42:20,46,2020-08-31T10:42:21
2020-08-31T10:42:20,44,2020-08-31T10:42:21
2020-08-31T10:42:20,36,2020-08-31T10:42:21
2020-08-31T10:42:20,40,2020-08-31T10:42:21
2020-08-31T10:42:20,41,2020-08-31T10:42:21
2020-08-31T10:42:20,87,2020-08-31T10:42:21
2020-08-31T10:42:20,91,2020-08-31T10:42:21
2020-08-31T10:42:20,89,2020-08-31T10:42:21
2020-08-31T10:42:20,49,2020-08-31T10:42:21
2020-08-31T10:42:20,48,2020-08-31T10:42:21
2020-08-31T10:42:20,50,2020-08-31T10:42:21
2020-08-31T10:42:20,86,2020-08-31T10:42:21
2020-08-31T10:42:20,45,2020-08-31T10:42:21
2020-08-31T10:42:20,88,2020-08-31T10:42:21
2020-08-31T10:42:20,47,2020-08-31T10:42:21
2020-08-31T10:42:20,51,2020-08-31T10:42:21
2020-08-31T10:42:20,53,2020-08-31T10:42:21
2020-08-31T10:42:20,54,2020-08-31T10:42:21
2020-08-31T10:42:20,55,2020-08-31T10:42:21
2020-08-31T10:42:20,56,2020-08-31T10:42:21
2020-08-31T10:42:20,58,2020-08-31T10:42:21
2020-08-31T10:42:20,57,2020-08-31T10:42:21
2020-08-31T10:42:20,85,2020-08-31T10:42:21
2020-08-31T10:42:20,52,2020-08-31T10:42:21
2020-08-31T10:42:20,59,2020-08-31T10:42:21
2020-08-31T10:42:20,60,2020-08-31T10:42:21
2020-08-31T10:42:20,84,2020-08-31T10:42:21
2020-08-31T10:42:20,64,2020-08-31T10:42:21
2020-08-31T10:42:20,65,2020-08-31T10:42:21
2020-08-31T10:42:20,66,2020-08-31T10:42:21
2020-08-31T10:42:20,63,2020-08-31T10:42:21
2020-08-31T10:42:20,61,2020-08-31T10:42:21
2020-08-31T10:42:20,62,2020-08-31T10:42:21
2020-08-31T10:42:20,68,2020-08-31T10:42:21
2020-08-31T10:42:20,67,2020-08-31T10:42:21
2020-08-31T10:42:20,70,2020-08-31T10:42:21
2020-08-31T10:42:20,75,2020-08-31T10:42:21
2020-08-31T10:42:20,72,2020-08-31T10:42:21
2020-08-31T10:42:20,74,2020-08-31T10:42:21
2020-08-31T10:42:20,82,2020-08-31T10:42:21
2020-08-31T10:42:20,83,2020-08-31T10:42:21
2020-08-31T10:42:20,69,2020-08-31T10:42:21
2020-08-31T10:42:20,73,2020-08-31T10:42:21
2020-08-31T10:42:20,71,2020-08-31T10:42:21
2020-08-31T10:42:20,79,2020-08-31T10:42:21
2020-08-31T10:42:20,81,2020-08-31T10:42:21
2020-08-31T10:42:20,76,2020-08-31T10:42:21
2020-08-31T10:42:20,78,2020-08-31T10:42:21
2020-08-31T10:42:21,79,2020-08-31T10:42:21
2020-08-31T10:42:20,80,2020-08-31T10:42:21
2020-08-31T10:42:20,77,2020-08-31T10:42:21
2020-08-31T10:42:21,78,2020-08-31T10:42:21
2020-08-31T10:42:21,71,2020-08-31T10:42:21
2020-08-31T10:42:21,81,2020-08-31T10:42:21
2020-08-31T10:42:21,80,2020-08-31T10:42:21
2020-08-31T10:42:21,69,2020-08-31T10:42:21
2020-08-31T10:42:21,70,2020-08-31T10:42:21
2020-08-31T10:42:21,75,2020-08-31T10:42:21
2020-08-31T10:42:21,62,2020-08-31T10:42:22
2020-08-31T10:42:21,55,2020-08-31T10:42:22
2020-08-31T10:42:21,65,2020-08-31T10:42:22
2020-08-31T10:42:21,76,2020-08-31T10:42:22
2020-08-31T10:42:21,54,2020-08-31T10:42:22
2020-08-31T10:42:21,82,2020-08-31T10:42:22
2020-08-31T10:42:21,42,2020-08-31T10:42:22
2020-08-31T10:42:21,48,2020-08-31T10:42:22
2020-08-31T10:42:21,52,2020-08-31T10:42:22
2020-08-31T10:42:21,43,2020-08-31T10:42:22
2020-08-31T10:42:21,66,2020-08-31T10:42:22
2020-08-31T10:42:21,37,2020-08-31T10:42:22
2020-08-31T10:42:21,39,2020-08-31T10:42:22
2020-08-31T10:42:21,86,2020-08-31T10:42:22
2020-08-31T10:42:21,59,2020-08-31T10:42:22
2020-08-31T10:42:21,49,2020-08-31T10:42:22
2020-08-31T10:42:21,28,2020-08-31T10:42:22
2020-08-31T10:42:21,27,2020-08-31T10:42:22
2020-08-31T10:42:21,51,2020-08-31T10:42:22
2020-08-31T10:42:21,88,2020-08-31T10:42:22
2020-08-31T10:42:21,22,2020-08-31T10:42:22
2020-08-31T10:42:21,24,2020-08-31T10:42:22
2020-08-31T10:42:21,36,2020-08-31T10:42:22
2020-08-31T10:42:21,23,2020-08-31T10:42:22
2020-08-31T10:42:21,38,2020-08-31T10:42:22
2020-08-31T10:42:21,97,2020-08-31T10:42:22
2020-08-31T10:42:21,17,2020-08-31T10:42:22
2020-08-31T10:42:21,94,2020-08-31T10:42:22
2020-08-31T10:42:21,6,2020-08-31T10:42:22
2020-08-31T10:42:21,14,2020-08-31T10:42:22
2020-08-31T10:42:21,93,2020-08-31T10:42:22
2020-08-31T10:42:21,99,2020-08-31T10:42:22
2020-08-31T10:42:21,5,2020-08-31T10:42:22
2020-08-31T10:42:21,8,2020-08-31T10:42:22
2020-08-31T10:42:21,21,2020-08-31T10:42:22
2020-08-31T10:42:21,29,2020-08-31T10:42:22
2020-08-31T10:42:21,34,2020-08-31T10:42:22
2020-08-31T10:42:21,47,2020-08-31T10:42:22
2020-08-31T10:42:21,53,2020-08-31T10:42:22
2020-08-31T10:42:21,56,2020-08-31T10:42:22
2020-08-31T10:42:21,40,2020-08-31T10:42:22
2020-08-31T10:42:21,92,2020-08-31T10:42:22
2020-08-31T10:42:21,87,2020-08-31T10:42:22
2020-08-31T10:42:21,83,2020-08-31T10:42:22
2020-08-31T10:42:21,74,2020-08-31T10:42:22
2020-08-31T10:42:21,18,2020-08-31T10:42:22
2020-08-31T10:42:21,44,2020-08-31T10:42:22
2020-08-31T10:42:21,64,2020-08-31T10:42:22
2020-08-31T10:42:21,57,2020-08-31T10:42:22
2020-08-31T10:42:21,33,2020-08-31T10:42:22
2020-08-31T10:42:21,25,2020-08-31T10:42:22
2020-08-31T10:42:21,72,2020-08-31T10:42:22
2020-08-31T10:42:21,46,2020-08-31T10:42:22
2020-08-31T10:42:21,90,2020-08-31T10:42:22
2020-08-31T10:42:21,77,2020-08-31T10:42:22
2020-08-31T10:42:21,50,2020-08-31T10:42:22
2020-08-31T10:42:21,31,2020-08-31T10:42:22
2020-08-31T10:42:21,26,2020-08-31T10:42:22
2020-08-31T10:42:21,7,2020-08-31T10:42:22
2020-08-31T10:42:21,16,2020-08-31T10:42:22
2020-08-31T10:42:21,2,2020-08-31T10:42:22
2020-08-31T10:42:21,9,2020-08-31T10:42:22
2020-08-31T10:42:21,67,2020-08-31T10:42:22
2020-08-31T10:42:21,73,2020-08-31T10:42:22
2020-08-31T10:42:21,19,2020-08-31T10:42:22
2020-08-31T10:42:21,63,2020-08-31T10:42:22
2020-08-31T10:42:21,45,2020-08-31T10:42:22
2020-08-31T10:42:21,60,2020-08-31T10:42:22
2020-08-31T10:42:21,85,2020-08-31T10:42:22
2020-08-31T10:42:21,41,2020-08-31T10:42:22
2020-08-31T10:42:21,30,2020-08-31T10:42:22
2020-08-31T10:42:21,12,2020-08-31T10:42:22
2020-08-31T10:42:21,61,2020-08-31T10:42:22
2020-08-31T10:42:21,68,2020-08-31T10:42:22
2020-08-31T10:42:21,20,2020-08-31T10:42:22
2020-08-31T10:42:21,35,2020-08-31T10:42:22
2020-08-31T10:42:21,15,2020-08-31T10:42:22
2020-08-31T10:42:21,11,2020-08-31T10:42:22
2020-08-31T10:42:21,96,2020-08-31T10:42:22
2020-08-31T10:42:21,4,2020-08-31T10:42:22
2020-08-31T10:42:21,1,2020-08-31T10:42:22
2020-08-31T10:42:21,3,2020-08-31T10:42:22
2020-08-31T10:42:21,10,2020-08-31T10:42:22
2020-08-31T10:42:21,32,2020-08-31T10:42:22
2020-08-31T10:42:21,91,2020-08-31T10:42:22
2020-08-31T10:42:21,89,2020-08-31T10:42:22
2020-08-31T10:42:21,13,2020-08-31T10:42:22
2020-08-31T10:42:21,0,2020-08-31T10:42:22
2020-08-31T10:42:21,98,2020-08-31T10:42:22
2020-08-31T10:42:21,58,2020-08-31T10:42:22
2020-08-31T10:42:21,84,2020-08-31T10:42:22
2020-08-31T10:42:21,95,2020-08-31T10:42:22
2020-08-31T10:42:22,75,2020-08-31T10:42:22
2020-08-31T10:42:22,71,2020-08-31T10:42:22
2020-08-31T10:42:22,8,2020-08-31T10:42:22
2020-08-31T10:42:22,92,2020-08-31T10:42:22
2020-08-31T10:42:22,10,2020-08-31T10:42:22
2020-08-31T10:42:22,83,2020-08-31T10:42:22
2020-08-31T10:42:22,34,2020-08-31T10:42:23
2020-08-31T10:42:22,18,2020-08-31T10:42:23
2020-08-31T10:42:22,64,2020-08-31T10:42:23
2020-08-31T10:42:22,53,2020-08-31T10:42:23
2020-08-31T10:42:22,56,2020-08-31T10:42:23
2020-08-31T10:42:22,40,2020-08-31T10:42:23
2020-08-31T10:42:22,74,2020-08-31T10:42:23
2020-08-31T10:42:22,44,2020-08-31T10:42:23
2020-08-31T10:42:22,47,2020-08-31T10:42:23
2020-08-31T10:42:22,33,2020-08-31T10:42:23
2020-08-31T10:42:22,25,2020-08-31T10:42:23
2020-08-31T10:42:22,99,2020-08-31T10:42:23
2020-08-31T10:42:22,98,2020-08-31T10:42:23
2020-08-31T10:42:22,93,2020-08-31T10:42:23
2020-08-31T10:42:22,17,2020-08-31T10:42:23
2020-08-31T10:42:22,70,2020-08-31T10:42:23
2020-08-31T10:42:22,79,2020-08-31T10:42:23
2020-08-31T10:42:22,78,2020-08-31T10:42:23
2020-08-31T10:42:22,76,2020-08-31T10:42:23
2020-08-31T10:42:22,3,2020-08-31T10:42:23
2020-08-31T10:42:22,29,2020-08-31T10:42:23
2020-08-31T10:42:22,91,2020-08-31T10:42:23
2020-08-31T10:42:22,87,2020-08-31T10:42:23
2020-08-31T10:42:22,80,2020-08-31T10:42:23
2020-08-31T10:42:22,46,2020-08-31T10:42:23
2020-08-31T10:42:22,68,2020-08-31T10:42:23
2020-08-31T10:42:22,61,2020-08-31T10:42:23
2020-08-31T10:42:22,5,2020-08-31T10:42:23
2020-08-31T10:42:22,94,2020-08-31T10:42:23
2020-08-31T10:42:22,22,2020-08-31T10:42:23
2020-08-31T10:42:22,57,2020-08-31T10:42:23
2020-08-31T10:42:22,13,2020-08-31T10:42:23
2020-08-31T10:42:22,97,2020-08-31T10:42:23
2020-08-31T10:42:22,88,2020-08-31T10:42:23
2020-08-31T10:42:22,51,2020-08-31T10:42:23
2020-08-31T10:42:22,89,2020-08-31T10:42:23
2020-08-31T10:42:22,65,2020-08-31T10:42:23
2020-08-31T10:42:22,42,2020-08-31T10:42:23
2020-08-31T10:42:22,84,2020-08-31T10:42:23
2020-08-31T10:42:22,54,2020-08-31T10:42:23
2020-08-31T10:42:22,86,2020-08-31T10:42:23
2020-08-31T10:42:22,95,2020-08-31T10:42:23
2020-08-31T10:42:22,12,2020-08-31T10:42:23
2020-08-31T10:42:22,7,2020-08-31T10:42:23
2020-08-31T10:42:22,77,2020-08-31T10:42:23
2020-08-31T10:42:22,62,2020-08-31T10:42:23
2020-08-31T10:42:22,15,2020-08-31T10:42:23
2020-08-31T10:42:22,60,2020-08-31T10:42:23
2020-08-31T10:42:22,45,2020-08-31T10:42:23
2020-08-31T10:42:22,72,2020-08-31T10:42:23
2020-08-31T10:42:22,9,2020-08-31T10:42:23
2020-08-31T10:42:22,24,2020-08-31T10:42:23
2020-08-31T10:42:22,82,2020-08-31T10:42:23
2020-08-31T10:42:22,39,2020-08-31T10:42:23
2020-08-31T10:42:22,37,2020-08-31T10:42:23
2020-08-31T10:42:22,6,2020-08-31T10:42:23
2020-08-31T10:42:22,19,2020-08-31T10:42:23
2020-08-31T10:42:22,38,2020-08-31T10:42:23
2020-08-31T10:42:22,81,2020-08-31T10:42:23
2020-08-31T10:42:22,20,2020-08-31T10:42:23
2020-08-31T10:42:22,73,2020-08-31T10:42:23
2020-08-31T10:42:22,27,2020-08-31T10:42:23
2020-08-31T10:42:22,63,2020-08-31T10:42:23
2020-08-31T10:42:22,30,2020-08-31T10:42:23
2020-08-31T10:42:22,21,2020-08-31T10:42:23
2020-08-31T10:42:22,1,2020-08-31T10:42:23
2020-08-31T10:42:22,59,2020-08-31T10:42:23
2020-08-31T10:42:22,58,2020-08-31T10:42:23
2020-08-31T10:42:22,67,2020-08-31T10:42:23
2020-08-31T10:42:22,41,2020-08-31T10:42:23
2020-08-31T10:42:22,4,2020-08-31T10:42:23
2020-08-31T10:42:22,96,2020-08-31T10:42:23
2020-08-31T10:42:22,69,2020-08-31T10:42:23
2020-08-31T10:42:22,55,2020-08-31T10:42:23
2020-08-31T10:42:22,49,2020-08-31T10:42:23
2020-08-31T10:42:22,14,2020-08-31T10:42:23
2020-08-31T10:42:22,48,2020-08-31T10:42:23
2020-08-31T10:42:22,31,2020-08-31T10:42:23
2020-08-31T10:42:22,35,2020-08-31T10:42:23
2020-08-31T10:42:22,85,2020-08-31T10:42:23
2020-08-31T10:42:22,16,2020-08-31T10:42:23
2020-08-31T10:42:22,52,2020-08-31T10:42:23
2020-08-31T10:42:22,23,2020-08-31T10:42:23
2020-08-31T10:42:22,66,2020-08-31T10:42:23
2020-08-31T10:42:22,36,2020-08-31T10:42:23
2020-08-31T10:42:22,90,2020-08-31T10:42:23
2020-08-31T10:42:22,32,2020-08-31T10:42:23
2020-08-31T10:42:22,28,2020-08-31T10:42:23
2020-08-31T10:42:22,26,2020-08-31T10:42:23
2020-08-31T10:42:22,0,2020-08-31T10:42:23
2020-08-31T10:42:22,11,2020-08-31T10:42:23
2020-08-31T10:42:22,2,2020-08-31T10:42:23
2020-08-31T10:42:22,50,2020-08-31T10:42:23
2020-08-31T10:42:22,43,2020-08-31T10:42:23
2020-08-31T10:42:23,71,2020-08-31T10:42:24
2020-08-31T10:42:24,94,2020-08-31T10:42:24
2020-08-31T10:42:24,68,2020-08-31T10:42:24
2020-08-31T10:42:24,96,2020-08-31T10:42:24
2020-08-31T10:42:24,23,2020-08-31T10:42:24
2020-08-31T10:42:24,53,2020-08-31T10:42:24
2020-08-31T10:42:24,44,2020-08-31T10:42:24
2020-08-31T10:42:24,59,2020-08-31T10:42:24
2020-08-31T10:42:24,99,2020-08-31T10:42:24
2020-08-31T10:42:24,38,2020-08-31T10:42:24
2020-08-31T10:42:24,7,2020-08-31T10:42:24
2020-08-31T10:42:24,91,2020-08-31T10:42:24
2020-08-31T10:42:24,60,2020-08-31T10:42:24
2020-08-31T10:42:24,95,2020-08-31T10:42:24
2020-08-31T10:42:24,84,2020-08-31T10:42:24
2020-08-31T10:42:24,5,2020-08-31T10:42:24
2020-08-31T10:42:24,24,2020-08-31T10:42:24
2020-08-31T10:42:24,9,2020-08-31T10:42:24
2020-08-31T10:42:24,8,2020-08-31T10:42:24
2020-08-31T10:42:24,92,2020-08-31T10:42:24
2020-08-31T10:42:24,72,2020-08-31T10:42:24
2020-08-31T10:42:24,27,2020-08-31T10:42:24
2020-08-31T10:42:24,64,2020-08-31T10:42:24
2020-08-31T10:42:24,40,2020-08-31T10:42:24
2020-08-31T10:42:23,79,2020-08-31T10:42:24
2020-08-31T10:42:24,28,2020-08-31T10:42:24
2020-08-31T10:42:24,36,2020-08-31T10:42:24
2020-08-31T10:42:24,51,2020-08-31T10:42:24
2020-08-31T10:42:24,29,2020-08-31T10:42:24
2020-08-31T10:42:23,70,2020-08-31T10:42:24
2020-08-31T10:42:24,83,2020-08-31T10:42:24
2020-08-31T10:42:24,93,2020-08-31T10:42:24
2020-08-31T10:42:23,78,2020-08-31T10:42:24
2020-08-31T10:42:24,89,2020-08-31T10:42:24
2020-08-31T10:42:24,50,2020-08-31T10:42:24
2020-08-31T10:42:23,75,2020-08-31T10:42:24
2020-08-31T10:42:23,76,2020-08-31T10:42:24
2020-08-31T10:42:24,32,2020-08-31T10:42:24
2020-08-31T10:42:24,73,2020-08-31T10:42:24
2020-08-31T10:42:24,81,2020-08-31T10:42:24
2020-08-31T10:42:24,34,2020-08-31T10:42:24
2020-08-31T10:42:24,49,2020-08-31T10:42:24
2020-08-31T10:42:24,33,2020-08-31T10:42:24
2020-08-31T10:42:24,87,2020-08-31T10:42:24
2020-08-31T10:42:24,90,2020-08-31T10:42:24
2020-08-31T10:42:24,15,2020-08-31T10:42:24
2020-08-31T10:42:24,17,2020-08-31T10:42:24
2020-08-31T10:42:24,10,2020-08-31T10:42:24
2020-08-31T10:42:24,19,2020-08-31T10:42:24
2020-08-31T10:42:24,56,2020-08-31T10:42:24
2020-08-31T10:42:24,67,2020-08-31T10:42:24
2020-08-31T10:42:24,80,2020-08-31T10:42:24
2020-08-31T10:42:24,22,2020-08-31T10:42:24
2020-08-31T10:42:24,47,2020-08-31T10:42:24
2020-08-31T10:42:24,25,2020-08-31T10:42:24
2020-08-31T10:42:24,65,2020-08-31T10:42:24
2020-08-31T10:42:24,3,2020-08-31T10:42:24
2020-08-31T10:42:24,13,2020-08-31T10:42:24
2020-08-31T10:42:24,54,2020-08-31T10:42:24
2020-08-31T10:42:24,97,2020-08-31T10:42:24
2020-08-31T10:42:24,26,2020-08-31T10:42:24
2020-08-31T10:42:24,4,2020-08-31T10:42:24
2020-08-31T10:42:24,46,2020-08-31T10:42:24
2020-08-31T10:42:24,31,2020-08-31T10:42:24
2020-08-31T10:42:24,57,2020-08-31T10:42:24
2020-08-31T10:42:24,88,2020-08-31T10:42:24
2020-08-31T10:42:24,39,2020-08-31T10:42:24
2020-08-31T10:42:24,12,2020-08-31T10:42:24
2020-08-31T10:42:24,98,2020-08-31T10:42:24
2020-08-31T10:42:24,18,2020-08-31T10:42:24
2020-08-31T10:42:24,61,2020-08-31T10:42:24
2020-08-31T10:42:24,52,2020-08-31T10:42:24
2020-08-31T10:42:24,30,2020-08-31T10:42:24
2020-08-31T10:42:24,58,2020-08-31T10:42:24
2020-08-31T10:42:24,48,2020-08-31T10:42:24
2020-08-31T10:42:24,62,2020-08-31T10:42:24
2020-08-31T10:42:24,35,2020-08-31T10:42:24
2020-08-31T10:42:24,2,2020-08-31T10:42:24
2020-08-31T10:42:24,11,2020-08-31T10:42:24
2020-08-31T10:42:24,66,2020-08-31T10:42:24
2020-08-31T10:42:24,16,2020-08-31T10:42:24
2020-08-31T10:42:24,21,2020-08-31T10:42:24
2020-08-31T10:42:24,41,2020-08-31T10:42:24
2020-08-31T10:42:24,69,2020-08-31T10:42:24
2020-08-31T10:42:24,14,2020-08-31T10:42:24
2020-08-31T10:42:24,85,2020-08-31T10:42:24
2020-08-31T10:42:24,0,2020-08-31T10:42:24
2020-08-31T10:42:24,82,2020-08-31T10:42:24
2020-08-31T10:42:24,42,2020-08-31T10:42:24
2020-08-31T10:42:24,86,2020-08-31T10:42:24
2020-08-31T10:42:24,43,2020-08-31T10:42:24
2020-08-31T10:42:24,63,2020-08-31T10:42:24
2020-08-31T10:42:24,1,2020-08-31T10:42:24
2020-08-31T10:42:24,20,2020-08-31T10:42:24
2020-08-31T10:42:24,74,2020-08-31T10:42:24
2020-08-31T10:42:24,55,2020-08-31T10:42:24
2020-08-31T10:42:24,45,2020-08-31T10:42:24
2020-08-31T10:42:24,77,2020-08-31T10:42:24
2020-08-31T10:42:24,6,2020-08-31T10:42:24
2020-08-31T10:42:24,37,2020-08-31T10:42:24
2020-08-31T10:42:25,28,2020-08-31T10:42:25
2020-08-31T10:42:25,57,2020-08-31T10:42:25
2020-08-31T10:42:25,90,2020-08-31T10:42:25
2020-08-31T10:42:25,27,2020-08-31T10:42:25
2020-08-31T10:42:25,17,2020-08-31T10:42:25
2020-08-31T10:42:25,40,2020-08-31T10:42:25
2020-08-31T10:42:25,92,2020-08-31T10:42:25
2020-08-31T10:42:25,84,2020-08-31T10:42:25
2020-08-31T10:42:25,34,2020-08-31T10:42:25
2020-08-31T10:42:25,23,2020-08-31T10:42:25
2020-08-31T10:42:25,73,2020-08-31T10:42:25
2020-08-31T10:42:25,70,2020-08-31T10:42:25
2020-08-31T10:42:25,75,2020-08-31T10:42:25
2020-08-31T10:42:25,31,2020-08-31T10:42:25
2020-08-31T10:42:25,68,2020-08-31T10:42:25
2020-08-31T10:42:25,45,2020-08-31T10:42:25
2020-08-31T10:42:25,4,2020-08-31T10:42:25
2020-08-31T10:42:25,98,2020-08-31T10:42:25
2020-08-31T10:42:25,47,2020-08-31T10:42:25
2020-08-31T10:42:25,87,2020-08-31T10:42:25
2020-08-31T10:42:25,7,2020-08-31T10:42:25
2020-08-31T10:42:25,72,2020-08-31T10:42:25
2020-08-31T10:42:25,52,2020-08-31T10:42:25
2020-08-31T10:42:25,83,2020-08-31T10:42:25
2020-08-31T10:42:25,82,2020-08-31T10:42:25
2020-08-31T10:42:25,56,2020-08-31T10:42:25
2020-08-31T10:42:25,88,2020-08-31T10:42:25
2020-08-31T10:42:25,55,2020-08-31T10:42:25
2020-08-31T10:42:25,80,2020-08-31T10:42:25
2020-08-31T10:42:25,5,2020-08-31T10:42:25
2020-08-31T10:42:25,0,2020-08-31T10:42:25
2020-08-31T10:42:25,39,2020-08-31T10:42:25
2020-08-31T10:42:25,79,2020-08-31T10:42:25
2020-08-31T10:42:25,76,2020-08-31T10:42:25
2020-08-31T10:42:25,96,2020-08-31T10:42:25
2020-08-31T10:42:25,67,2020-08-31T10:42:25
2020-08-31T10:42:25,49,2020-08-31T10:42:25
2020-08-31T10:42:25,15,2020-08-31T10:42:25
2020-08-31T10:42:25,60,2020-08-31T10:42:25
2020-08-31T10:42:25,74,2020-08-31T10:42:25
2020-08-31T10:42:25,26,2020-08-31T10:42:25
2020-08-31T10:42:25,63,2020-08-31T10:42:25
2020-08-31T10:42:25,93,2020-08-31T10:42:25
2020-08-31T10:42:25,8,2020-08-31T10:42:25
2020-08-31T10:42:25,64,2020-08-31T10:42:25
2020-08-31T10:42:25,99,2020-08-31T10:42:25
2020-08-31T10:42:25,3,2020-08-31T10:42:25
2020-08-31T10:42:25,89,2020-08-31T10:42:25
2020-08-31T10:42:25,54,2020-08-31T10:42:25
2020-08-31T10:42:25,91,2020-08-31T10:42:25
2020-08-31T10:42:25,12,2020-08-31T10:42:25
2020-08-31T10:42:25,19,2020-08-31T10:42:25
2020-08-31T10:42:25,37,2020-08-31T10:42:25
2020-08-31T10:42:25,6,2020-08-31T10:42:25
2020-08-31T10:42:25,1,2020-08-31T10:42:25
2020-08-31T10:42:25,59,2020-08-31T10:42:25
2020-08-31T10:42:25,50,2020-08-31T10:42:25
2020-08-31T10:42:25,43,2020-08-31T10:42:25
2020-08-31T10:42:25,53,2020-08-31T10:42:25
2020-08-31T10:42:25,18,2020-08-31T10:42:25
2020-08-31T10:42:25,36,2020-08-31T10:42:25
2020-08-31T10:42:25,9,2020-08-31T10:42:25
2020-08-31T10:42:25,10,2020-08-31T10:42:25
2020-08-31T10:42:25,65,2020-08-31T10:42:25
2020-08-31T10:42:25,25,2020-08-31T10:42:25
2020-08-31T10:42:25,13,2020-08-31T10:42:25
2020-08-31T10:42:25,22,2020-08-31T10:42:25
2020-08-31T10:42:25,97,2020-08-31T10:42:25
2020-08-31T10:42:25,46,2020-08-31T10:42:25
2020-08-31T10:42:25,20,2020-08-31T10:42:25
2020-08-31T10:42:25,77,2020-08-31T10:42:25
2020-08-31T10:42:25,94,2020-08-31T10:42:25
2020-08-31T10:42:25,44,2020-08-31T10:42:25
2020-08-31T10:42:25,48,2020-08-31T10:42:25
2020-08-31T10:42:25,78,2020-08-31T10:42:25
2020-08-31T10:42:25,69,2020-08-31T10:42:25
2020-08-31T10:42:25,66,2020-08-31T10:42:25
2020-08-31T10:42:25,85,2020-08-31T10:42:25
2020-08-31T10:42:25,62,2020-08-31T10:42:25
2020-08-31T10:42:25,21,2020-08-31T10:42:25
2020-08-31T10:42:25,42,2020-08-31T10:42:25
2020-08-31T10:42:25,61,2020-08-31T10:42:25
2020-08-31T10:42:25,30,2020-08-31T10:42:25
2020-08-31T10:42:25,11,2020-08-31T10:42:25
2020-08-31T10:42:25,16,2020-08-31T10:42:25
2020-08-31T10:42:25,14,2020-08-31T10:42:25
2020-08-31T10:42:25,33,2020-08-31T10:42:25
2020-08-31T10:42:25,71,2020-08-31T10:42:25
2020-08-31T10:42:25,32,2020-08-31T10:42:25
2020-08-31T10:42:25,41,2020-08-31T10:42:25
2020-08-31T10:42:25,35,2020-08-31T10:42:25
2020-08-31T10:42:25,81,2020-08-31T10:42:25
2020-08-31T10:42:25,86,2020-08-31T10:42:25
2020-08-31T10:42:25,58,2020-08-31T10:42:25
2020-08-31T10:42:25,2,2020-08-31T10:42:25
2020-08-31T10:42:25,29,2020-08-31T10:42:25
2020-08-31T10:42:25,95,2020-08-31T10:42:26
2020-08-31T10:42:25,51,2020-08-31T10:42:26
2020-08-31T10:42:25,38,2020-08-31T10:42:26
2020-08-31T10:42:25,24,2020-08-31T10:42:26
2020-08-31T10:42:26,93,2020-08-31T10:42:26
2020-08-31T10:42:26,88,2020-08-31T10:42:26
2020-08-31T10:42:26,98,2020-08-31T10:42:26
2020-08-31T10:42:26,48,2020-08-31T10:42:26
2020-08-31T10:42:26,7,2020-08-31T10:42:26
2020-08-31T10:42:26,75,2020-08-31T10:42:26
2020-08-31T10:42:26,78,2020-08-31T10:42:26
2020-08-31T10:42:26,60,2020-08-31T10:42:26
2020-08-31T10:42:26,95,2020-08-31T10:42:26
2020-08-31T10:42:26,1,2020-08-31T10:42:26
2020-08-31T10:42:26,22,2020-08-31T10:42:26
2020-08-31T10:42:26,3,2020-08-31T10:42:26
2020-08-31T10:42:26,91,2020-08-31T10:42:26
2020-08-31T10:42:26,77,2020-08-31T10:42:26
2020-08-31T10:42:26,36,2020-08-31T10:42:26
2020-08-31T10:42:26,49,2020-08-31T10:42:26
2020-08-31T10:42:26,85,2020-08-31T10:42:26
2020-08-31T10:42:26,66,2020-08-31T10:42:26
2020-08-31T10:42:26,2,2020-08-31T10:42:26
2020-08-31T10:42:26,82,2020-08-31T10:42:26
2020-08-31T10:42:26,81,2020-08-31T10:42:26
2020-08-31T10:42:26,46,2020-08-31T10:42:26
2020-08-31T10:42:26,55,2020-08-31T10:42:26
2020-08-31T10:42:26,0,2020-08-31T10:42:26
2020-08-31T10:42:26,38,2020-08-31T10:42:26
2020-08-31T10:42:26,73,2020-08-31T10:42:26
2020-08-31T10:42:26,4,2020-08-31T10:42:26
2020-08-31T10:42:26,59,2020-08-31T10:42:26
2020-08-31T10:42:26,89,2020-08-31T10:42:26
2020-08-31T10:42:26,97,2020-08-31T10:42:26
2020-08-31T10:42:26,6,2020-08-31T10:42:26
2020-08-31T10:42:26,54,2020-08-31T10:42:26
2020-08-31T10:42:26,21,2020-08-31T10:42:26
2020-08-31T10:42:26,72,2020-08-31T10:42:26
2020-08-31T10:42:26,30,2020-08-31T10:42:26
2020-08-31T10:42:26,86,2020-08-31T10:42:26
2020-08-31T10:42:26,62,2020-08-31T10:42:26
2020-08-31T10:42:26,90,2020-08-31T10:42:26
2020-08-31T10:42:26,80,2020-08-31T10:42:26
2020-08-31T10:42:26,11,2020-08-31T10:42:26
2020-08-31T10:42:26,12,2020-08-31T10:42:26
2020-08-31T10:42:26,42,2020-08-31T10:42:26
2020-08-31T10:42:26,61,2020-08-31T10:42:26
2020-08-31T10:42:26,39,2020-08-31T10:42:26
2020-08-31T10:42:26,35,2020-08-31T10:42:26
2020-08-31T10:42:26,25,2020-08-31T10:42:26
2020-08-31T10:42:26,28,2020-08-31T10:42:26
2020-08-31T10:42:26,53,2020-08-31T10:42:26
2020-08-31T10:42:26,14,2020-08-31T10:42:26
2020-08-31T10:42:26,16,2020-08-31T10:42:26
2020-08-31T10:42:26,94,2020-08-31T10:42:26
2020-08-31T10:42:26,56,2020-08-31T10:42:26
2020-08-31T10:42:26,58,2020-08-31T10:42:26
2020-08-31T10:42:26,92,2020-08-31T10:42:26
2020-08-31T10:42:26,87,2020-08-31T10:42:26
2020-08-31T10:42:26,44,2020-08-31T10:42:26
2020-08-31T10:42:26,33,2020-08-31T10:42:27
2020-08-31T10:42:26,69,2020-08-31T10:42:27
2020-08-31T10:42:26,17,2020-08-31T10:42:27
2020-08-31T10:42:26,31,2020-08-31T10:42:27
2020-08-31T10:42:26,57,2020-08-31T10:42:27
2020-08-31T10:42:26,63,2020-08-31T10:42:27
2020-08-31T10:42:26,41,2020-08-31T10:42:27
2020-08-31T10:42:26,24,2020-08-31T10:42:27
2020-08-31T10:42:26,20,2020-08-31T10:42:27
2020-08-31T10:42:26,23,2020-08-31T10:42:27
2020-08-31T10:42:26,96,2020-08-31T10:42:27
2020-08-31T10:42:26,71,2020-08-31T10:42:27
2020-08-31T10:42:26,65,2020-08-31T10:42:27
2020-08-31T10:42:26,32,2020-08-31T10:42:27
2020-08-31T10:42:26,70,2020-08-31T10:42:27
2020-08-31T10:42:26,37,2020-08-31T10:42:27
2020-08-31T10:42:26,18,2020-08-31T10:42:27
2020-08-31T10:42:26,50,2020-08-31T10:42:27
2020-08-31T10:42:26,43,2020-08-31T10:42:27
2020-08-31T10:42:26,64,2020-08-31T10:42:27
2020-08-31T10:42:26,83,2020-08-31T10:42:27
2020-08-31T10:42:26,45,2020-08-31T10:42:27
2020-08-31T10:42:26,68,2020-08-31T10:42:27
2020-08-31T10:42:26,84,2020-08-31T10:42:27
2020-08-31T10:42:26,52,2020-08-31T10:42:27
2020-08-31T10:42:26,47,2020-08-31T10:42:27
2020-08-31T10:42:26,99,2020-08-31T10:42:27
2020-08-31T10:42:26,40,2020-08-31T10:42:27
2020-08-31T10:42:26,67,2020-08-31T10:42:27
2020-08-31T10:42:26,79,2020-08-31T10:42:27
2020-08-31T10:42:26,15,2020-08-31T10:42:27
2020-08-31T10:42:26,8,2020-08-31T10:42:27
2020-08-31T10:42:26,51,2020-08-31T10:42:27
2020-08-31T10:42:26,19,2020-08-31T10:42:27
2020-08-31T10:42:27,93,2020-08-31T10:42:27
2020-08-31T10:42:27,88,2020-08-31T10:42:27
2020-08-31T10:42:27,86,2020-08-31T10:42:27
2020-08-31T10:42:27,72,2020-08-31T10:42:27
2020-08-31T10:42:27,61,2020-08-31T10:42:27
2020-08-31T10:42:27,0,2020-08-31T10:42:27
2020-08-31T10:42:27,89,2020-08-31T10:42:27
2020-08-31T10:42:27,92,2020-08-31T10:42:27
2020-08-31T10:42:27,35,2020-08-31T10:42:27
2020-08-31T10:42:27,24,2020-08-31T10:42:27
2020-08-31T10:42:27,77,2020-08-31T10:42:27
2020-08-31T10:42:27,20,2020-08-31T10:42:27
2020-08-31T10:42:27,53,2020-08-31T10:42:27
2020-08-31T10:42:27,39,2020-08-31T10:42:27
2020-08-31T10:42:27,23,2020-08-31T10:42:27
2020-08-31T10:42:27,75,2020-08-31T10:42:27
2020-08-31T10:42:27,16,2020-08-31T10:42:27
2020-08-31T10:42:27,48,2020-08-31T10:42:27
2020-08-31T10:42:27,6,2020-08-31T10:42:27
2020-08-31T10:42:27,62,2020-08-31T10:42:27
2020-08-31T10:42:27,95,2020-08-31T10:42:27
2020-08-31T10:42:27,22,2020-08-31T10:42:27
2020-08-31T10:42:27,46,2020-08-31T10:42:27
2020-08-31T10:42:27,78,2020-08-31T10:42:27
2020-08-31T10:42:27,50,2020-08-31T10:42:27
2020-08-31T10:42:27,11,2020-08-31T10:42:27
2020-08-31T10:42:27,42,2020-08-31T10:42:27
2020-08-31T10:42:27,17,2020-08-31T10:42:27
2020-08-31T10:42:27,91,2020-08-31T10:42:27
2020-08-31T10:42:27,65,2020-08-31T10:42:27
2020-08-31T10:42:27,82,2020-08-31T10:42:27
2020-08-31T10:42:27,49,2020-08-31T10:42:27
2020-08-31T10:42:27,66,2020-08-31T10:42:27
2020-08-31T10:42:27,87,2020-08-31T10:42:27
2020-08-31T10:42:27,81,2020-08-31T10:42:27
2020-08-31T10:42:27,55,2020-08-31T10:42:27
2020-08-31T10:42:27,59,2020-08-31T10:42:27
2020-08-31T10:42:27,28,2020-08-31T10:42:27
2020-08-31T10:42:27,4,2020-08-31T10:42:27
2020-08-31T10:42:27,31,2020-08-31T10:42:27
2020-08-31T10:42:27,21,2020-08-31T10:42:27
2020-08-31T10:42:27,69,2020-08-31T10:42:27
2020-08-31T10:42:27,94,2020-08-31T10:42:27
2020-08-31T10:42:27,58,2020-08-31T10:42:27
2020-08-31T10:42:27,56,2020-08-31T10:42:27
2020-08-31T10:42:27,96,2020-08-31T10:42:27
2020-08-31T10:42:27,25,2020-08-31T10:42:27
2020-08-31T10:42:26,5,2020-08-31T10:42:27
2020-08-31T10:42:26,74,2020-08-31T10:42:27
2020-08-31T10:42:26,34,2020-08-31T10:42:27
2020-08-31T10:42:26,27,2020-08-31T10:42:27
2020-08-31T10:42:26,26,2020-08-31T10:42:27
2020-08-31T10:42:26,76,2020-08-31T10:42:27
2020-08-31T10:42:27,33,2020-08-31T10:42:27
2020-08-31T10:42:26,13,2020-08-31T10:42:27
2020-08-31T10:42:26,10,2020-08-31T10:42:27
2020-08-31T10:42:26,9,2020-08-31T10:42:27
2020-08-31T10:42:26,29,2020-08-31T10:42:27
2020-08-31T10:42:27,30,2020-08-31T10:42:27
2020-08-31T10:42:27,14,2020-08-31T10:42:27
2020-08-31T10:42:27,57,2020-08-31T10:42:28
2020-08-31T10:42:27,29,2020-08-31T10:42:28
2020-08-31T10:42:27,71,2020-08-31T10:42:28
2020-08-31T10:42:27,90,2020-08-31T10:42:28
2020-08-31T10:42:27,44,2020-08-31T10:42:28
2020-08-31T10:42:27,41,2020-08-31T10:42:28
2020-08-31T10:42:27,63,2020-08-31T10:42:28
2020-08-31T10:42:27,32,2020-08-31T10:42:28
2020-08-31T10:42:27,2,2020-08-31T10:42:28
2020-08-31T10:42:27,3,2020-08-31T10:42:28
2020-08-31T10:42:27,36,2020-08-31T10:42:28
2020-08-31T10:42:27,1,2020-08-31T10:42:28
2020-08-31T10:42:27,12,2020-08-31T10:42:28
2020-08-31T10:42:27,38,2020-08-31T10:42:28
2020-08-31T10:42:27,98,2020-08-31T10:42:28
2020-08-31T10:42:27,60,2020-08-31T10:42:28
2020-08-31T10:42:27,7,2020-08-31T10:42:28
2020-08-31T10:42:27,80,2020-08-31T10:42:28
2020-08-31T10:42:27,45,2020-08-31T10:42:28
2020-08-31T10:42:27,8,2020-08-31T10:42:28
2020-08-31T10:42:27,47,2020-08-31T10:42:28
2020-08-31T10:42:27,84,2020-08-31T10:42:28
2020-08-31T10:42:27,97,2020-08-31T10:42:28
2020-08-31T10:42:27,64,2020-08-31T10:42:28
2020-08-31T10:42:27,54,2020-08-31T10:42:28
2020-08-31T10:42:27,5,2020-08-31T10:42:28
2020-08-31T10:42:27,37,2020-08-31T10:42:28
2020-08-31T10:42:27,9,2020-08-31T10:42:28
2020-08-31T10:42:27,40,2020-08-31T10:42:28
2020-08-31T10:42:27,70,2020-08-31T10:42:28
2020-08-31T10:42:27,83,2020-08-31T10:42:28
2020-08-31T10:42:27,27,2020-08-31T10:42:28
2020-08-31T10:42:27,76,2020-08-31T10:42:28
2020-08-31T10:42:27,13,2020-08-31T10:42:28
2020-08-31T10:42:27,52,2020-08-31T10:42:28
2020-08-31T10:42:27,79,2020-08-31T10:42:28
2020-08-31T10:42:27,10,2020-08-31T10:42:28
2020-08-31T10:42:27,43,2020-08-31T10:42:28
2020-08-31T10:42:27,19,2020-08-31T10:42:28
2020-08-31T10:42:27,51,2020-08-31T10:42:28
2020-08-31T10:42:27,68,2020-08-31T10:42:28
2020-08-31T10:42:27,67,2020-08-31T10:42:28
2020-08-31T10:42:27,34,2020-08-31T10:42:28
2020-08-31T10:42:27,18,2020-08-31T10:42:28
2020-08-31T10:42:27,26,2020-08-31T10:42:28
2020-08-31T10:42:27,99,2020-08-31T10:42:28
2020-08-31T10:42:27,74,2020-08-31T10:42:28
2020-08-31T10:42:27,15,2020-08-31T10:42:28
2020-08-31T10:42:27,85,2020-08-31T10:42:28
2020-08-31T10:42:27,73,2020-08-31T10:42:28
2020-08-31T10:42:28,25,2020-08-31T10:42:28
2020-08-31T10:42:28,75,2020-08-31T10:42:28
2020-08-31T10:42:28,22,2020-08-31T10:42:28
2020-08-31T10:42:28,89,2020-08-31T10:42:28
2020-08-31T10:42:28,11,2020-08-31T10:42:28
2020-08-31T10:42:28,65,2020-08-31T10:42:28
2020-08-31T10:42:28,66,2020-08-31T10:42:28
2020-08-31T10:42:28,82,2020-08-31T10:42:28
2020-08-31T10:42:28,81,2020-08-31T10:42:28
2020-08-31T10:42:28,59,2020-08-31T10:42:28
2020-08-31T10:42:28,91,2020-08-31T10:42:28
2020-08-31T10:42:28,21,2020-08-31T10:42:28
2020-08-31T10:42:28,33,2020-08-31T10:42:28
2020-08-31T10:42:28,63,2020-08-31T10:42:28
2020-08-31T10:42:28,61,2020-08-31T10:42:28
2020-08-31T10:42:28,0,2020-08-31T10:42:28
2020-08-31T10:42:28,23,2020-08-31T10:42:28
2020-08-31T10:42:28,50,2020-08-31T10:42:28
2020-08-31T10:42:28,49,2020-08-31T10:42:28
2020-08-31T10:42:28,95,2020-08-31T10:42:28
2020-08-31T10:42:28,55,2020-08-31T10:42:28
2020-08-31T10:42:28,28,2020-08-31T10:42:28
2020-08-31T10:42:28,4,2020-08-31T10:42:28
2020-08-31T10:42:28,69,2020-08-31T10:42:28
2020-08-31T10:42:28,32,2020-08-31T10:42:28
2020-08-31T10:42:28,96,2020-08-31T10:42:28
2020-08-31T10:42:28,92,2020-08-31T10:42:28
2020-08-31T10:42:28,58,2020-08-31T10:42:28
2020-08-31T10:42:28,39,2020-08-31T10:42:28
2020-08-31T10:42:28,77,2020-08-31T10:42:28
2020-08-31T10:42:28,48,2020-08-31T10:42:28
2020-08-31T10:42:28,6,2020-08-31T10:42:28
2020-08-31T10:42:28,78,2020-08-31T10:42:28
2020-08-31T10:42:28,42,2020-08-31T10:42:28
2020-08-31T10:42:28,87,2020-08-31T10:42:28
2020-08-31T10:42:28,20,2020-08-31T10:42:28
2020-08-31T10:42:28,86,2020-08-31T10:42:28
2020-08-31T10:42:28,35,2020-08-31T10:42:28
2020-08-31T10:42:28,16,2020-08-31T10:42:28
2020-08-31T10:42:28,88,2020-08-31T10:42:28
2020-08-31T10:42:28,46,2020-08-31T10:42:28
2020-08-31T10:42:28,56,2020-08-31T10:42:28
2020-08-31T10:42:28,31,2020-08-31T10:42:28
2020-08-31T10:42:28,24,2020-08-31T10:42:28
2020-08-31T10:42:28,93,2020-08-31T10:42:28
2020-08-31T10:42:28,17,2020-08-31T10:42:28
2020-08-31T10:42:28,62,2020-08-31T10:42:28
2020-08-31T10:42:28,53,2020-08-31T10:42:28
2020-08-31T10:42:28,72,2020-08-31T10:42:28
2020-08-31T10:42:28,44,2020-08-31T10:42:28
2020-08-31T10:42:28,15,2020-08-31T10:42:28
2020-08-31T10:42:28,29,2020-08-31T10:42:28
2020-08-31T10:42:28,57,2020-08-31T10:42:29
2020-08-31T10:42:28,51,2020-08-31T10:42:29
2020-08-31T10:42:28,71,2020-08-31T10:42:29
2020-08-31T10:42:28,73,2020-08-31T10:42:29
2020-08-31T10:42:28,94,2020-08-31T10:42:29
2020-08-31T10:42:28,3,2020-08-31T10:42:29
2020-08-31T10:42:28,1,2020-08-31T10:42:29
2020-08-31T10:42:28,41,2020-08-31T10:42:29
2020-08-31T10:42:28,14,2020-08-31T10:42:29
2020-08-31T10:42:28,83,2020-08-31T10:42:29
2020-08-31T10:42:28,90,2020-08-31T10:42:29
2020-08-31T10:42:28,54,2020-08-31T10:42:29
2020-08-31T10:42:28,8,2020-08-31T10:42:29
2020-08-31T10:42:28,18,2020-08-31T10:42:29
2020-08-31T10:42:28,45,2020-08-31T10:42:29
2020-08-31T10:42:28,7,2020-08-31T10:42:29
2020-08-31T10:42:28,74,2020-08-31T10:42:29
2020-08-31T10:42:28,5,2020-08-31T10:42:29
2020-08-31T10:42:28,52,2020-08-31T10:42:29
2020-08-31T10:42:28,34,2020-08-31T10:42:29
2020-08-31T10:42:28,27,2020-08-31T10:42:29
2020-08-31T10:42:28,76,2020-08-31T10:42:29
2020-08-31T10:42:28,80,2020-08-31T10:42:29
2020-08-31T10:42:28,10,2020-08-31T10:42:29
2020-08-31T10:42:28,67,2020-08-31T10:42:29
2020-08-31T10:42:28,64,2020-08-31T10:42:29
2020-08-31T10:42:28,40,2020-08-31T10:42:29
2020-08-31T10:42:28,9,2020-08-31T10:42:29
2020-08-31T10:42:28,13,2020-08-31T10:42:29
2020-08-31T10:42:28,84,2020-08-31T10:42:29
2020-08-31T10:42:28,47,2020-08-31T10:42:29
2020-08-31T10:42:28,43,2020-08-31T10:42:29
2020-08-31T10:42:28,68,2020-08-31T10:42:29
2020-08-31T10:42:28,37,2020-08-31T10:42:29
2020-08-31T10:42:28,30,2020-08-31T10:42:29
2020-08-31T10:42:28,97,2020-08-31T10:42:29
2020-08-31T10:42:28,70,2020-08-31T10:42:29
2020-08-31T10:42:28,19,2020-08-31T10:42:29
2020-08-31T10:42:28,12,2020-08-31T10:42:29
2020-08-31T10:42:28,60,2020-08-31T10:42:29
2020-08-31T10:42:28,85,2020-08-31T10:42:29
2020-08-31T10:42:28,98,2020-08-31T10:42:29
2020-08-31T10:42:28,36,2020-08-31T10:42:29
2020-08-31T10:42:28,26,2020-08-31T10:42:29
2020-08-31T10:42:28,2,2020-08-31T10:42:29
2020-08-31T10:42:28,99,2020-08-31T10:42:29
2020-08-31T10:42:28,79,2020-08-31T10:42:29
2020-08-31T10:42:28,38,2020-08-31T10:42:29
2020-08-31T10:42:29,80,2020-08-31T10:42:29
2020-08-31T10:42:29,15,2020-08-31T10:42:29
2020-08-31T10:42:29,90,2020-08-31T10:42:29
2020-08-31T10:42:29,8,2020-08-31T10:42:29
2020-08-31T10:42:29,25,2020-08-31T10:42:29
2020-08-31T10:42:29,72,2020-08-31T10:42:29
2020-08-31T10:42:29,88,2020-08-31T10:42:29
2020-08-31T10:42:29,14,2020-08-31T10:42:29
2020-08-31T10:42:29,74,2020-08-31T10:42:29
2020-08-31T10:42:29,49,2020-08-31T10:42:29
2020-08-31T10:42:29,29,2020-08-31T10:42:29
2020-08-31T10:42:29,42,2020-08-31T10:42:29
2020-08-31T10:42:29,94,2020-08-31T10:42:29
2020-08-31T10:42:29,6,2020-08-31T10:42:29
2020-08-31T10:42:29,41,2020-08-31T10:42:29
2020-08-31T10:42:29,39,2020-08-31T10:42:29
2020-08-31T10:42:29,63,2020-08-31T10:42:29
2020-08-31T10:42:29,66,2020-08-31T10:42:29
2020-08-31T10:42:29,28,2020-08-31T10:42:29
2020-08-31T10:42:29,20,2020-08-31T10:42:29
2020-08-31T10:42:29,35,2020-08-31T10:42:29
2020-08-31T10:42:29,89,2020-08-31T10:42:29
2020-08-31T10:42:29,67,2020-08-31T10:42:29
2020-08-31T10:42:29,5,2020-08-31T10:42:29
2020-08-31T10:42:29,45,2020-08-31T10:42:29
2020-08-31T10:42:29,1,2020-08-31T10:42:29
2020-08-31T10:42:29,71,2020-08-31T10:42:29
2020-08-31T10:42:29,87,2020-08-31T10:42:29
2020-08-31T10:42:29,48,2020-08-31T10:42:29
2020-08-31T10:42:29,58,2020-08-31T10:42:29
2020-08-31T10:42:29,92,2020-08-31T10:42:29
2020-08-31T10:42:29,4,2020-08-31T10:42:29
2020-08-31T10:42:29,69,2020-08-31T10:42:29
2020-08-31T10:42:29,23,2020-08-31T10:42:29
2020-08-31T10:42:29,91,2020-08-31T10:42:29
2020-08-31T10:42:29,33,2020-08-31T10:42:29
2020-08-31T10:42:29,82,2020-08-31T10:42:29
2020-08-31T10:42:29,56,2020-08-31T10:42:29
2020-08-31T10:42:29,22,2020-08-31T10:42:29
2020-08-31T10:42:29,11,2020-08-31T10:42:29
2020-08-31T10:42:29,3,2020-08-31T10:42:29
2020-08-31T10:42:29,93,2020-08-31T10:42:29
2020-08-31T10:42:29,21,2020-08-31T10:42:29
2020-08-31T10:42:29,38,2020-08-31T10:42:29
2020-08-31T10:42:29,54,2020-08-31T10:42:30
2020-08-31T10:42:29,62,2020-08-31T10:42:30
2020-08-31T10:42:29,95,2020-08-31T10:42:30
2020-08-31T10:42:29,77,2020-08-31T10:42:30
2020-08-31T10:42:29,83,2020-08-31T10:42:30
2020-08-31T10:42:29,31,2020-08-31T10:42:30
2020-08-31T10:42:29,65,2020-08-31T10:42:30
2020-08-31T10:42:29,86,2020-08-31T10:42:30
2020-08-31T10:42:29,61,2020-08-31T10:42:30
2020-08-31T10:42:29,53,2020-08-31T10:42:30
2020-08-31T10:42:29,57,2020-08-31T10:42:30
2020-08-31T10:42:29,81,2020-08-31T10:42:30
2020-08-31T10:42:29,75,2020-08-31T10:42:30
2020-08-31T10:42:29,44,2020-08-31T10:42:30
2020-08-31T10:42:29,16,2020-08-31T10:42:30
2020-08-31T10:42:29,32,2020-08-31T10:42:30
2020-08-31T10:42:29,50,2020-08-31T10:42:30
2020-08-31T10:42:29,24,2020-08-31T10:42:30
2020-08-31T10:42:29,46,2020-08-31T10:42:30
2020-08-31T10:42:29,0,2020-08-31T10:42:30
2020-08-31T10:42:29,59,2020-08-31T10:42:30
2020-08-31T10:42:29,27,2020-08-31T10:42:30
2020-08-31T10:42:29,18,2020-08-31T10:42:30
2020-08-31T10:42:29,7,2020-08-31T10:42:30
2020-08-31T10:42:29,73,2020-08-31T10:42:30
2020-08-31T10:42:29,55,2020-08-31T10:42:30
2020-08-31T10:42:29,30,2020-08-31T10:42:30
2020-08-31T10:42:29,96,2020-08-31T10:42:30
2020-08-31T10:42:29,51,2020-08-31T10:42:30
2020-08-31T10:42:29,17,2020-08-31T10:42:30
2020-08-31T10:42:29,78,2020-08-31T10:42:30
2020-08-31T10:42:29,13,2020-08-31T10:42:30
2020-08-31T10:42:29,68,2020-08-31T10:42:30
2020-08-31T10:42:29,70,2020-08-31T10:42:30
2020-08-31T10:42:29,40,2020-08-31T10:42:30
2020-08-31T10:42:29,34,2020-08-31T10:42:30
2020-08-31T10:42:29,79,2020-08-31T10:42:30
2020-08-31T10:42:29,64,2020-08-31T10:42:30
2020-08-31T10:42:29,84,2020-08-31T10:42:30
2020-08-31T10:42:29,10,2020-08-31T10:42:30
2020-08-31T10:42:29,37,2020-08-31T10:42:30
2020-08-31T10:42:29,43,2020-08-31T10:42:30
2020-08-31T10:42:29,19,2020-08-31T10:42:30
2020-08-31T10:42:29,36,2020-08-31T10:42:30
2020-08-31T10:42:29,12,2020-08-31T10:42:30
2020-08-31T10:42:29,60,2020-08-31T10:42:30
2020-08-31T10:42:29,26,2020-08-31T10:42:30
2020-08-31T10:42:29,52,2020-08-31T10:42:30
2020-08-31T10:42:29,9,2020-08-31T10:42:30
2020-08-31T10:42:29,97,2020-08-31T10:42:30
2020-08-31T10:42:29,99,2020-08-31T10:42:30
2020-08-31T10:42:29,85,2020-08-31T10:42:30
2020-08-31T10:42:29,47,2020-08-31T10:42:30
2020-08-31T10:42:29,76,2020-08-31T10:42:30
2020-08-31T10:42:29,2,2020-08-31T10:42:30
2020-08-31T10:42:29,98,2020-08-31T10:42:30
2020-08-31T10:42:30,90,2020-08-31T10:42:30
2020-08-31T10:42:30,45,2020-08-31T10:42:30
2020-08-31T10:42:30,86,2020-08-31T10:42:30
2020-08-31T10:42:30,29,2020-08-31T10:42:30
2020-08-31T10:42:30,39,2020-08-31T10:42:30
2020-08-31T10:42:30,94,2020-08-31T10:42:30
2020-08-31T10:42:30,42,2020-08-31T10:42:30
2020-08-31T10:42:30,63,2020-08-31T10:42:30
2020-08-31T10:42:30,80,2020-08-31T10:42:30
2020-08-31T10:42:30,8,2020-08-31T10:42:30
2020-08-31T10:42:30,49,2020-08-31T10:42:30
2020-08-31T10:42:30,15,2020-08-31T10:42:30
2020-08-31T10:42:30,87,2020-08-31T10:42:30
2020-08-31T10:42:30,71,2020-08-31T10:42:30
2020-08-31T10:42:30,83,2020-08-31T10:42:30
2020-08-31T10:42:30,38,2020-08-31T10:42:30
2020-08-31T10:42:30,61,2020-08-31T10:42:30
2020-08-31T10:42:30,1,2020-08-31T10:42:30
2020-08-31T10:42:30,95,2020-08-31T10:42:30
2020-08-31T10:42:30,77,2020-08-31T10:42:30
2020-08-31T10:42:30,57,2020-08-31T10:42:30
2020-08-31T10:42:30,14,2020-08-31T10:42:30
2020-08-31T10:42:30,62,2020-08-31T10:42:30
2020-08-31T10:42:30,21,2020-08-31T10:42:30
2020-08-31T10:42:30,31,2020-08-31T10:42:30
2020-08-31T10:42:30,88,2020-08-31T10:42:30
2020-08-31T10:42:30,72,2020-08-31T10:42:30
2020-08-31T10:42:30,93,2020-08-31T10:42:30
2020-08-31T10:42:30,92,2020-08-31T10:42:30
2020-08-31T10:42:30,69,2020-08-31T10:42:30
2020-08-31T10:42:30,7,2020-08-31T10:42:30
2020-08-31T10:42:30,82,2020-08-31T10:42:30
2020-08-31T10:42:30,55,2020-08-31T10:42:30
2020-08-31T10:42:30,48,2020-08-31T10:42:31
2020-08-31T10:42:30,40,2020-08-31T10:42:31
2020-08-31T10:42:30,91,2020-08-31T10:42:31
2020-08-31T10:42:30,22,2020-08-31T10:42:31
2020-08-31T10:42:30,24,2020-08-31T10:42:31
2020-08-31T10:42:30,18,2020-08-31T10:42:31
2020-08-31T10:42:30,50,2020-08-31T10:42:31
2020-08-31T10:42:30,13,2020-08-31T10:42:31
2020-08-31T10:42:30,65,2020-08-31T10:42:31
2020-08-31T10:42:30,46,2020-08-31T10:42:31
2020-08-31T10:42:30,96,2020-08-31T10:42:31
2020-08-31T10:42:30,53,2020-08-31T10:42:31
2020-08-31T10:42:30,25,2020-08-31T10:42:31
2020-08-31T10:42:30,66,2020-08-31T10:42:31
2020-08-31T10:42:30,35,2020-08-31T10:42:31
2020-08-31T10:42:30,41,2020-08-31T10:42:31
2020-08-31T10:42:30,67,2020-08-31T10:42:31
2020-08-31T10:42:30,54,2020-08-31T10:42:31
2020-08-31T10:42:30,3,2020-08-31T10:42:31
2020-08-31T10:42:30,5,2020-08-31T10:42:31
2020-08-31T10:42:30,28,2020-08-31T10:42:31
2020-08-31T10:42:30,58,2020-08-31T10:42:31
2020-08-31T10:42:30,89,2020-08-31T10:42:31
2020-08-31T10:42:30,6,2020-08-31T10:42:31
2020-08-31T10:42:30,20,2020-08-31T10:42:31
2020-08-31T10:42:30,74,2020-08-31T10:42:31
2020-08-31T10:42:30,17,2020-08-31T10:42:31
2020-08-31T10:42:30,75,2020-08-31T10:42:31
2020-08-31T10:42:30,11,2020-08-31T10:42:31
2020-08-31T10:42:30,34,2020-08-31T10:42:31
2020-08-31T10:42:30,16,2020-08-31T10:42:31
2020-08-31T10:42:30,59,2020-08-31T10:42:31
2020-08-31T10:42:30,98,2020-08-31T10:42:31
2020-08-31T10:42:30,81,2020-08-31T10:42:31
2020-08-31T10:42:30,73,2020-08-31T10:42:31
2020-08-31T10:42:30,4,2020-08-31T10:42:31
2020-08-31T10:42:30,43,2020-08-31T10:42:31
2020-08-31T10:42:30,12,2020-08-31T10:42:31
2020-08-31T10:42:30,26,2020-08-31T10:42:31
2020-08-31T10:42:30,84,2020-08-31T10:42:31
2020-08-31T10:42:30,23,2020-08-31T10:42:31
2020-08-31T10:42:30,56,2020-08-31T10:42:31
2020-08-31T10:42:30,51,2020-08-31T10:42:31
2020-08-31T10:42:30,0,2020-08-31T10:42:31
2020-08-31T10:42:30,85,2020-08-31T10:42:31
2020-08-31T10:42:30,33,2020-08-31T10:42:31
2020-08-31T10:42:30,30,2020-08-31T10:42:31
2020-08-31T10:42:30,64,2020-08-31T10:42:31
2020-08-31T10:42:30,68,2020-08-31T10:42:31
2020-08-31T10:42:30,19,2020-08-31T10:42:31
2020-08-31T10:42:30,32,2020-08-31T10:42:31
2020-08-31T10:42:30,36,2020-08-31T10:42:31
2020-08-31T10:42:30,44,2020-08-31T10:42:31
2020-08-31T10:42:30,97,2020-08-31T10:42:31
2020-08-31T10:42:30,47,2020-08-31T10:42:31
2020-08-31T10:42:30,9,2020-08-31T10:42:31
2020-08-31T10:42:30,60,2020-08-31T10:42:31
2020-08-31T10:42:30,27,2020-08-31T10:42:31
2020-08-31T10:42:30,79,2020-08-31T10:42:31
2020-08-31T10:42:30,76,2020-08-31T10:42:31
2020-08-31T10:42:30,37,2020-08-31T10:42:31
2020-08-31T10:42:30,52,2020-08-31T10:42:31
2020-08-31T10:42:30,2,2020-08-31T10:42:31
2020-08-31T10:42:30,10,2020-08-31T10:42:31
2020-08-31T10:42:30,70,2020-08-31T10:42:31
2020-08-31T10:42:30,99,2020-08-31T10:42:31
2020-08-31T10:42:30,78,2020-08-31T10:42:31
